tweet_id,username,original_text,final_text,word_count_before,word_count_after,removed_urls,removed_mentions,removed_hashtags,removed_stopwords,normalized_words,stemmed_words,processed_at
1934036271296586213,,Presiden Prabowo akan kesulitan benahi masalah bangsa yang carut-marut bilamana orang-orang Jokowi masih ada dalam kabinet. Orang-orang titipan Jokowi bukannya membantu tapi hanya menjadi beban Prabowo. Presiden Prabowo dalam kondisi dan posisi dilematis.,presiden prabowo sulit benah masalah bangsa carutmarut bilamana orangorang jokowi masih ada kabinet orangorang titip jokowi bukan bantu tetapi jadi beban prabowo presiden prabowo kondisi posisi lat,33,27,0,0,0,6,1,7,2026-06-25 17:03:59
1934021528582238545,,@hapuskanpinjol @kompascom Tito dan loyalis Jokowi lainnya yg berada di kabinet @prabowo tidak ada yg menganggap Prabowo Presiden mereka merasa bahwa atasannya adalah Jokowi mereka bekerja untuk kepentingan Jokowi. Hal spt ini kalau dibiarkan akan jd polemik &amp; bs jd ancaman terhadap presiden,tito loyalis jokowi lain yang ada kabinet tidak ada yang anggap prabowo presiden rasa bahwa atas jokowi kerja penting jokowi hal seperti biar jadi polemik amp bisa jadi ancam hadap presiden,43,31,0,3,0,9,6,10,2026-06-25 17:03:59
1934018247890022436,,@124hmahHastuti1 Lebih dari pantas klau perlu hilang dari sejarah negeri ini. Kenapa dia diangakat lagi jd menteri d era presiden prabowo patut diduga karena cawe-cawe mulyono. Org ini jd instabilitas dlm kabinet merah putih. Peca,pantas kalau perlu hilang sejarah negeri kenapa diangakat lagi jadi menteri ada era presiden prabowo patut duga cawecawe mulyono orang jadi instabilitas dalam kabinet merah putih peca,35,27,0,1,0,7,6,1,2026-06-25 17:03:59
1934012264069403068,,@ferrykoto Dan sekarang tetap dipelihara oleh @prabowo jadilah kabinet omon2 . ,sekarang tetap pelihara jadi kabinet omon,11,6,0,2,0,2,0,2,2026-06-25 17:03:59
1934006420846137511,,@Dito101074 Sayangnya pelemahan pemerintahan bapak prabowo ada di dalam kabinet pak prabowo sendiri Terutama pelaku-pelaku korupsi semasa jokowi Apakah bapak prabowo menyadari hal ini ????,sayang lemah perintah bapak prabowo ada kabinet pak prabowo sendiri utama pelakupelaku korupsi masa jokowi apakah bapak prabowo sadar hal,25,20,0,1,0,3,0,6,2026-06-25 17:04:00
1933989006662115765,,@124hmahHastuti1 DIPECAT DARI KABINET PRABOWO !,pecat kabinet prabowo,6,3,0,1,0,1,0,1,2026-06-25 17:04:00
1933983080169230627,,@NgkongRoses @ch_chotimah2 ga ada yang bisa dibanggakan dari kabinet prabowo sekarang.. to*ol semua..,enggak ada bisa bangga kabinet prabowo sekarang tool semua,13,9,0,2,0,2,1,1,2026-06-25 17:04:00
1933951550000652329,,@anaknyasiape @NenkMonica jokowi sudah wariskan Perppu utk semua mentri (khususnya mentri titipan) di kabinet prabowo tentang hak mengeluarkan Permen,jokowi waris perppu untuk semua tri khusus tri titip kabinet prabowo tentang hak keluar permen,19,15,0,2,0,2,1,6,2026-06-25 17:04:00
1933949641294549284,,@matchstickthief satu kali ngomong asing dimasukkan kabinet prabowo,satu kali omong asing masuk kabinet prabowo,8,7,0,1,0,0,1,2,2026-06-25 17:04:01
1933944068008227305,,@BosPurwa @prabowo @bahlillahadalia prabowo mana berani melakukan reshefulle kabinet mengganti BLT. yg ada bakal prabowo bs di mazulkan sama BOS BLT.,prabowo mana berani laku reshefulle kabinet ganti blt yang ada bakal prabowo bisa mazulkan sama bos blt,21,17,0,3,0,1,2,2,2026-06-25 17:04:01
1933941769500279159,,@zoelfick @bobbynasution_ @prabowo Menurut orang dungu ini masalah 4 pulau Aceh presiden Prabowo tidak tahu apa2. Semua krn keserakahan Mendagri Tito Karnavian dan gubernur Bobby atas perintah Jokowi. Prabowo gak tahu tidak ada rapat kabinet membahas ini. Betapa dungu nya ente @zoelfick .,turut orang dungu masalah pulau aceh presiden prabowo tidak tahu semua karena serakah mendagri tito karnavian gubernur bobby atas perintah jokowi prabowo enggak tahu tidak ada rapat kabinet bahas betapa dungu anta,43,32,0,4,0,5,3,3,2026-06-25 17:04:02
1933933699634250151,,@124hmahHastuti1 Pak Pres @prabowo tolong jangan ada lagi kabinet merah (antek2 Projo). Cukup kabinet putih saja seperti baju dinas yg sering Pak Pres kenakan.,pak pres tolong jangan ada lagi kabinet merah antek projo kabinet putih seperti baju dinas yang sering pak pres kena,24,20,0,2,0,2,1,1,2026-06-25 17:04:02
1933926575239770513,,@susipudjiastuti @prabowo @KemensetnegRI @setkabgoid @Gerindra Ibu dikeluarin luhut dari kabinet n sekarang luhut lebih powerful dari jaman jokowi,ibu dikeluarin luhut kabinet sekarang luhut powerful zaman jokowi,18,9,0,5,0,3,1,0,2026-06-25 17:04:03
1933913067118866776,,@NenkMonica Gak usah Repot-repot Pak @prabowo Singkirkan saja Circle Toxic (Pengkhianat) yg ada di Kabinet anda. klo semakin dibiarkan dipastikan menteri2 Toxic itu akan melakukan Percepatan Punahnya Indonesia 2030.,enggak usah repotrepot pak singkir circle toxic khianat yang ada kabinet kalo makin biar pasti menteri toxic laku cepat punah indonesia,29,21,0,2,0,5,4,7,2026-06-25 17:04:03
1933912099316806120,,@BosPurwa @prabowo @bahlillahadalia Iya pak ganti aja tuh Menteri titipan ngerusak negara dan ngerusak kabinet itu,iya pak ganti saja tuh menteri titip ngerusak negara ngerusak kabinet,16,11,0,3,0,2,1,1,2026-06-25 17:04:03
1933911163248787635,,@detikcom Tambah gemuk aja kabinet prabowo,tambah gemuk saja kabinet prabowo,6,5,0,1,0,0,1,0,2026-06-25 17:04:03
1933909862356009345,,@officialinews_ WAKIL KETUA @DPR_RI ko berkesimpulan Pulau2 ITU Pulau sengketa?? Bagi ku itu hanyalah kebodohan seorang menteri di kabinet @prabowo .,wakil ketua kok simpul pulau pulau sengketa bagi ku hanya bodoh orang menteri kabinet,21,14,0,3,0,3,1,4,2026-06-25 17:04:04
1933901109900550582,,@NenkMonica Don dasco pasti puyeng ini ngeliat kerjaan menteri menteri nya prabowo yg titipan jokowi bikin ulah dan bikin runyam mulu sejak kabinet dibentuk,don dasco pasti puyeng lihat kerja menteri menteri prabowo yang titip jokowi bikin ulah bikin runyam mulu sejak kabinet bentuk,24,20,0,1,0,3,3,4,2026-06-25 17:04:04
1933899497207447689,,@ariel_heryanto Menteri2 yg sudah terbiasa dgn program MENJILAT sudah tak dpt lagi membedakan antara KOTORAN TINJA &amp; MAKANAN SEHAT lantaran aktivitas keseharian nya dlm kabinet OBESITAS nya @prabowo memang hanya seputar Julur lidah &amp; MENJILATI BARANG2 YG MENjIJIKAN otak gak di pake,menteri yang biasa dengan program jilat tak dapat lagi beda antara kotor tinja amp makan sehat lantar aktivitas hari dalam kabinet obesitas memang putar julur lidah amp jilat barang yang jijik otak enggak pakai,42,34,0,2,0,6,7,10,2026-06-25 17:04:04
1933892832085090555,,@NenkMonica Pak @prabowo jangan pernah sekalipun mengusik Aceh. Menteri anda Tito Karnavian telah membuka luka lama rakyat Aceh. Jika nantinya Aceh merdeka maka Anda (Prabowo) Tito Karnavian Boby Nasution ketua DPRD Sumut Jokowi dan kabinet Anda harus tanggung jawab ‼️,pak jangan pernah sekalipun usik aceh menteri tito karnavian buka luka lama rakyat aceh nanti aceh merdeka prabowo tito karnavian boby nasution ketua dprd sumut jokowi kabinet harus tanggung jawab,40,30,0,2,0,7,0,3,2026-06-25 17:04:05
1933891751103909897,,@BosPurwa @prabowo @bahlillahadalia Dgn membiarkan si bahlil tetep di kabinet saja sudah kesalahan besar. Untuk apa anda lapor presiden lagi?? Jelas dia cuma omon-omon. Gak berani. Pendusta,dengan biar sih bahlil tetap kabinet salah besar lapor presiden lagi jelas cuma omonomon enggak berani dusta,27,17,0,3,0,7,4,3,2026-06-25 17:04:05
1933891423306387465,,@kompascom @prabowo parah amat kabinet gendutmu yg mendagri bikin konflik aceh memanas lagi yg bahhlul tambang raja ampat nah ini fadli zonk kebudayaan kata 98 gak ada pemerkosaan kabinet gendut bisanya bikin rusuh mulu,parah amat kabinet gendut yang mendagri bikin konflik aceh panas lagi yang bahhlul tambang raja ampat nah fadli zonk budaya kata enggak ada perkosa kabinet gendut bisa bikin rusuh mulu,34,30,0,2,0,1,3,5,2026-06-25 17:04:06
1933889551434743998,,Pernyataan Dahnil Anzar ini membuktikan bahwa Menteri Agama RI Prof. Nasaruddin Umar memang kagak bisa memimpin Kemenag RI... Artinye ada konflik internal di kabinet Merah Putih Presiden @prabowo... Upsss! @Ari3Ghozi @AirinDatangLagi @narkosun @Jelli_cent @_Rizmaya__ https://t.co/mkCCsWIDlk,nyata dahnil anzar bukti bahwa menteri agama ri prof nasaruddin umar memang kagak bisa pimpin kemenag ri artinye ada konflik internal kabinet merah putih presiden upsss,35,26,1,6,0,2,0,3,2026-06-25 17:04:07
1933887688320626753,,@abu_waras Ya bagus diambil alih..solusinya dikemablihkanmke Aceh..krn itu mnyangkut kedaulatan wilayah Aceh ..kan sdh.kubilang ke Pak @prabowo jika ada genk2an di kabinet mu..langsut pecat!!..Selesai,ya bagus ambil alihsolusinya dikemablihkanmke acehkrn mnyangkut daulat wilayah aceh kan sdhkubilang pak ada gen kabinet mulangsut pecatselesai,24,18,0,2,0,4,0,3,2026-06-25 17:04:08
1933878160262865399,,AKU DITIPU MULYONO ASUUU ! Selama ini aku dapat banyak berita glorifikasi Jokowi yg ajak Prabowo gabung di kabinet 2019 Padahal pada Faktanya justru itu datang dari Bu Mega sendiri cc @PDI_Perjuangan https://t.co/m5Wy8GSIve,tipu mulyono asu dapat banyak berita glorifikasi jokowi yang ajak prabowo gabung kabinet padahal fakta justru datang bu mega sendiri cc,33,21,1,1,0,8,2,2,2026-06-25 17:04:08
1933872842019647713,,@PutriKayan16645 Ini ya yang kalian cari @prabowo. Sdh kita bilang berkali2 kebijakan menteri2nya era lama yg skrang msh bercokol di kabinet itu dibuang saja. Kbijakannya semua dievaluasi. ada terlibat judol raja ampat skrang dgn aceh. Mau dibawa kmana indonesia @SBYudhoyono @AgusYudhoyono,ya kalian cari sudah bilang kali bijak menteri era lama yang sekarang masih cokol kabinet buang kbijakannya semua evaluasi ada libat judol raja ampat sekarang dengan aceh mau bawa mana indonesia,41,31,0,4,0,6,7,9,2026-06-25 17:04:09
1933872252917080309,,5. Badan Pengendalian Pembangunan dan Investigasi Khusus Dibentuk oleh Presiden Prabowo untuk memonitor dan mengawasi program-program kerja para menteri. Pembentukan Badan Pengendalian Pembangunan dan Investigasi Khusus bertujuan memaksimalkan kinerja kabinet Merah Putih.,badan kendali bangun investigasi khusus bentuk presiden prabowo monitor awas programprogram kerja menteri bentuk badan kendali bangun investigasi khusus tuju maksimal kerja kabinet merah putih,32,25,0,0,0,6,0,11,2026-06-25 17:04:10
1933870902892208327,,Presiden @prabowo bgm bpk bs mengatakan kabinet bpk baik2 sj smntra kerja mrk menimbulkan perpecahan bangsa merusak alam merugikan ekonomi bangsa menimbulkan kegaduhan. Bpk masih percaya mrk tinggal menunggu wkt rakyat bergerak mengulang reformasi 98. @bang_dasco @Dahnilanzar,presiden bgm bpk bisa kata kabinet bpk baik saja smntra kerja mereka timbul pecah bangsa rusak alam rugi ekonomi bangsa timbul gaduh bpk masih percaya mereka tinggal tunggu waktu rakyat gerak ulang reformasi,37,33,0,3,0,0,5,10,2026-06-25 17:04:10
1933866160841490625,,@BosPurwa @prabowo @bahlillahadalia Bahlil dan Tito seharusnya sudah di tendang dari jajaran kabinet Pak Presiden @prabowo ibarat benalu yang membuat pemerintahan bapak jadi terlihat busuk.,bahlil tito harus tendang jajar kabinet pak presiden ibarat benalu buat perintah bapak jadi lihat busuk,25,16,0,4,0,5,0,5,2026-06-25 17:04:10
1933861613909795112,,@BANGSAygSUJUD @prabowo @are_inismyname @99propaganda @Ndons_Back @tonybulumanu @jatmiko99604253 @Kimberley_PS08 @gtobing2903 @florieliciouss @kiwalipitu @FDonghun Pas lihat kabinet aje gile.... 100 menteri,pas rakyat kabinet saja gila menteri,19,6,0,12,0,0,3,0,2026-06-25 17:04:10
1933857103615258648,,@KangManto123 @kemendagri Gak perlu kaji ulang selama ini sdh berjalan baik2 saja skrg malah gaduh. @prabowo selamat pak menterinya bikin acara baru biar ada kerjaan.kabinet bapak kompak semua,enggak perlu kaji ulang sudah jalan baik sekarang malah gaduh selamat pak menteri bikin acara baru biar ada kerjaankabinet bapak kompak semua,28,22,0,3,0,3,3,2,2026-06-25 17:04:10
1933853408865521780,,@sharpandshark Waduh ! Makin mencoreng kabinet MP P'@prabowo @Gerindra (Bos Prof.@bang_dasco P'@MuzaniGerindra @Fraksi_Gerindra om @fadlizon &amp; @Dahnilanzar ). Dampak lemah reshuffle org² Mulyono yg sengaja gerogoti marwah utk percepatan naiknya Fufufafa.,waduh makin coreng kabinet mp bos prof om amp dampak lemah reshuffle org mulyono yang sengaja gerogot muruah untuk cepat naik fufufafa,31,22,0,8,0,0,3,5,2026-06-25 17:04:11
1933852279448514609,,@MasBRO_back Berhati-hatilah Bapak @prabowo semoga video ini jadi perhatian anda dan waspada terhadap Kabinet anda @Gerindra @andre_rosiade,berhatihatilah bapak moga video jadi perhati waspada hadap kabinet,17,9,0,4,0,4,0,3,2026-06-25 17:04:11
1933851562998399070,,@geloraco Si Bahlil ini kan jelas Penjilat dan pendukung sijokodok makanya selalu dibela Sayang @Gerindra tak punya mental mencampak kan manusia gagal di kabinet @prabowo ‍️,sih bahlil kan jelas jilat dukung sijokodok makanya selalu bela sayang tak punya mental campak kan manusia gagal kabinet,26,19,0,3,0,3,1,4,2026-06-25 17:04:11
1933850346281209926,,Kabinet merah putih presiden Prabowo SIREKAP Subianto dikuasai toxic Jokowi... @setkabgoid,kabinet merah putih presiden prabowo sirekap subianto asai toxic jokowi,11,10,0,1,0,0,0,1,2026-06-25 17:04:12
1933845636249723076,,Presiden Prabowo Tegaskan Tak Ada Reshuffle Pada Kabinet Merah Putih https://t.co/Sh2n6JTalE,presiden prabowo tegas tak ada reshuffle kabinet merah putih,11,9,1,0,0,1,0,1,2026-06-25 17:04:12
1933844093253427467,,@mardigu024 Elected president : Prabowo Month : June 2025. Subject : Aceh Papua Talaud Timor. Memang sudah diagendakan lama polanya yg dipakai dr jaman pak Harto ngga berubah.. INA di rusak dr dalam. Adu Suku &amp; Agama yg diincer tetep SDAlam. Ada tangan C*A di kabinet skrg.,elected president prabowo month june subject aceh papua talaud timor memang agenda lama pola yang pakai dari zaman pak harto enggak ubah ina rusak dari radu suku amp agama yang diincer tetap sdalam ada tangan ca kabinet sekarang,47,38,0,1,0,4,9,4,2026-06-25 17:04:13
1933838802432459181,,Knapa manusia2 yg masuk ke kabinet mendadak kecerdasannya menurun drastis dan jadi DUNGU? Tapi ini sdh saya prediksi salah satu tujuan Prabowo ngotot ingin jadi presiden adlah menghilangkan sejarah peristiwa 98 yg menyeretnya sbg PELANGGAR HAM BERAT . https://t.co/7mCdTChdhz,knapa manusia yang masuk kabinet dadak cerdas turun drastis jadi dungu tetapi sudah prediksi salah satu tuju prabowo ngotot ingin jadi presiden adlah hilang sejarah peristiwa yang seret bagai langgar ham berat,39,32,1,0,0,4,5,8,2026-06-25 17:04:14
1933837385441443984,,@amelcewaw Pak @prabowo ... menilai anda dan kabinet anda itu bekerja baik atau tidak itu orang lain yang menilainya. Tapi bagi rakyat ber-IQ 58% sih anda dan kabinet anda itu udah terlalu baik. Tapi bagi rakyat yang ber-IQ normal kabinet anda sangat BURUK dalam bekerja.,pak nilai kabinet kerja baik tidak orang lain nila tetapi bagi rakyat beriq sih kabinet sudah terlalu baik tetapi bagi rakyat beriq normal kabinet buruk kerja,45,26,0,2,0,15,3,4,2026-06-25 17:04:14
1933835709959594308,,@kompascom Kacau ini kabinet prabowo dari budi ari judol budi sadikin nggk dipercaya guru besar kedokteran tito nyulut api integrasi negara bahlil skandal tambang nanti terjadi kerusuhan siapa yg tanggung jawab bobi mah kabur tito jg bersilat lidah,kacau kabinet prabowo budi ular judol budi sadikin enggak percaya guru besar dokter tito nyulut api integrasi negara bahlil skandal tambang nanti jadi rusuh yang tanggung jawab bobi mah kabur tito juga silat lidah,38,34,0,1,0,3,4,5,2026-06-25 17:04:14
1933830071497986201,,Jadi ingat kabinet kompak dan berkinerja baik tidak ada resuffle kata presiden Prabowo. Ini rupanya pembungkaman intelektual.,jadi ingat kabinet kompak kerja baik tidak ada resuffle kata presiden prabowo rupa bungkam intelektual,17,15,0,0,0,2,0,3,2026-06-25 17:04:15
1933824397074436250,,Jokowi Finalis Tokoh Terkorup Sedunia Versi OCCRP 2024 diangkat oleh Prabowo sebagai pengawas Danantara. Pemberantasan korupsi sebatas omon omon. Kabinet isinya para koruptor #JokowiRezimGarong #JokowiRezimGarong https://t.co/inH20SmO71,jokowi final tokoh korup dunia versi occrp angkat prabowo bagai awas danantara berantas korupsi batas omon omon kabinet isi koruptor,26,20,1,0,2,2,1,8,2026-06-25 17:04:15
1933824253729857686,,@asboediono_id @prabowo Nich orang @RajaJuliAntoni Klo bukan dr @psi_id partainya @jokowi sudah di lempar dr kabinet,nih orang kalo bukan dari partai lempar dari kabinet,16,9,0,5,0,2,4,1,2026-06-25 17:04:15
1933822166753218713,,@KompasTV Pak @prabowo segera dipecat Saja itu @titokarnavian_ sbg Mendagri. @titokarnavian_ ini bagian dr anak emas @jokowi &amp; salah satu org dr Genk Solo @jokowi yg masih tetap dipertahankan sbg Menteri dlm Kabinet Pemerintahan @prabowo ? @prabowo jgn ragu2 preteli Semua org2 Jkw,pak segera pecat bagai mendagri bagi dari anak emas amp salah satu orang dari genk solo yang masih tetap tahan bagai menteri dalam kabinet perintah jangan ragu pretel semua orang jkw,43,31,0,8,0,3,9,7,2026-06-25 17:04:16
1933821599733694899,,Aceh merdeka tampaknya inikah kabinet yang kompak presiden Prabowo?,aceh merdeka tampak ini kabinet kompak presiden prabowo,9,8,0,0,0,1,0,2,2026-06-25 17:04:16
1933817793843277969,,@sri3753 @sjafriesjams @Kemhan_RI @prabowo Kabinet rekomen Mas jok Bikin gaduh di bawah kepemimpinan Prabowo saja... Biar di anggap Prabowo gak bisa mimpin... Pada sadar gak ya barisan Prabowo LG di jerumusin ?,kabinet rekomen mas jok bikin gaduh bawah pimpin prabowo biar anggap prabowo enggak bisa mimpin sadar enggak ya baris prabowo lagi jerumusin,32,22,0,4,0,5,3,2,2026-06-25 17:04:16
1933815494861259162,,@pojokanarki @MasBRO_back Statement Ruslan Buton soal Geng Solo melemahkan Prabowo ada dasarnya tapi berlebihan. Geng Solo memang jaringan pejabat era Jokowi beberapa ada di kabinet Prabowo. Tensi politik mungkin ada tapi tak ada bukti kuat mereka sabotase. Prabowo kelihatan masih pegang kendali ,statement ruslan buton soal geng solo lemah prabowo ada dasar tetapi lebih geng solo memang jaring jabat era jokowi beberapa ada kabinet prabowo tensi politik mungkin ada tetapi tak ada bukti kuat sabotase prabowo lihat masih pegang kendali,42,38,0,2,0,2,2,6,2026-06-25 17:04:17
1933814312210243960,,Pak tolong bgt ini knp sih milih kabinet yg unik @prabowo,pak tolong banget kenapa sih pilih kabinet yang unik,11,9,0,1,0,1,4,1,2026-06-25 17:04:17
1933811602308141363,,@ebonXboy @FajarMoenir @Dennysiregar7 Tukang kayu sekarang cuma boneka oligarki. Nah SAPA yg bisa lawan APH + DPR + Sebagian TNI + Sebagian anggota Kabinet + Jkw - Gibran yg dikendalikan oligarki?? Prabowo punya bintang tapi jumlah bintang pegangan oligarki masih lebih banyak ... Liat aja DPR bungkam. Kecuali,tukang kayu sekarang cuma boneka oligarki nah siapa yang bisa lawan aph dpr bagi tni bagi anggota kabinet jkw gibran yang kendali oligarki prabowo punya bintang tetapi jumlah bintang pegang oligarki masih banyak lihat saja dpr bungkam kecuali,48,38,0,3,0,1,6,4,2026-06-25 17:04:17
1933805386420920470,,@124hmahHastuti1 Segera diganti ini barang bekas tinggalan Jokowi yg membuat predikat kabinet Prabowo jadi kabinet rongsok...,segera ganti barang bekas tinggal jokowi yang buat predikat kabinet prabowo jadi kabinet rongsok,16,14,0,1,0,1,1,3,2026-06-25 17:04:17
1933799066875645964,,Anggota Komisi II DPR RI Mohammad Toha menanggapi pernyataan Presiden Prabowo Subianto yang tidak akan melakukan reshuffle kabinet dalam waktu dekat. Terkait hal itu dia meminta para menteri meningkatkan kinerjanya dan tidak menimbulkan kontroversi. Presiden tentu punya https://t.co/3jd4M0dcRT,anggota komisi ii dpr ri mohammad toha tanggap nyata presiden prabowo subianto tidak laku reshuffle kabinet dekat kait hal minta menteri tingkat kerja tidak timbul kontroversi presiden tentu punya,38,29,1,0,0,8,0,8,2026-06-25 17:04:18
1933795526832763020,,@KompasTV kabinet isinya mentri bodoh dengan kebijakan kebijakan bodoh......maunya terus menbodohi rakyat...cc @prabowo,kabinet isi tri bodoh bijak bijak bodohmaunya terus menbodohi rakyatcc,13,10,0,2,0,1,0,4,2026-06-25 17:04:18
1933794230394368184,,@strike653811 @democrazymedia Sekalipun Cacat Hukum Lalu Di Republik Rusak Ini Apakah Bisa Dikasuskan Anak Jokowi Jika Mulut-mulut Penegak Hukum &amp; Anggota Partai Di DPR Hubungan Politik Ada Di Kabinet Si Prabowo..??? Hanya Kembali Ke Sejarah Perahlian Yg Lebih Efektif Biar Roda Negara Bergerak Lagi.,sekalipun cacat hukum republik rusak apakah bisa kasus anak jokowi mulutmulut tegak hukum amp anggota partai dpr hubung politik ada kabinet sih prabowo kembali sejarah ahli yang efektif biar roda negara gerak lagi,44,33,0,2,0,9,2,5,2026-06-25 17:04:19
1933792953102946371,,betul sepertinya kabinet prabowo-gibran masih berjalan agak baik atau lumayan baik mungkin krn kabinetnya banyak yg baru jd masih perlu penyesuaian utk terlaksananya tugas dgn normal,betul seperti kabinet prabowogibran masih jalan agak baik lumayan baik mungkin karena kabinet banyak yang baru jadi masih perlu sesuai untuk laksana tukas dengan normal,26,25,0,0,0,1,6,5,2026-06-25 17:04:19
1933787169031925849,,@susipudjiastuti @prabowo bu susi yakin prabowo bisa mengatasi persoalan2 bangsa ini? satu hal yg jadi pertanyaan ini kabinet kompromi setengah milik mantan setengah milik beliau. setelah PAGAR LAUT PIK2 PERTAMINA JUDOL bu susi masih yakin? sepertinya ada yg beliau takuti untuk diutak atik,bu sus yakin prabowo bisa atas soal bangsa satu hal yang jadi tanya kabinet kompromi tengah milik mantan tengah milik beliau pagar laut pik pertamina judol bu sus masih yakin seperti ada yang beliau takut diutak atik,43,37,0,2,0,4,2,9,2026-06-25 17:04:19
1933784867357286747,,@asboediono_id @prabowo Kabinet Indonesia Maju isinya orang goblok semua #JokowiRezimGarong #JokowiRezimGarong,kabinet indonesia maju isi orang goblok semua,11,7,0,2,2,0,0,1,2026-06-25 17:04:20
1933783058865664172,,Sekretaris Kabinet RI Letkol Teddy Indra Wijaya lantas mengungkap pembicaraan antara Prabowo Subianto dengan Donald Trump. https://t.co/51w8gk2u99,sekretaris kabinet ri letkol teddy indra wijaya lantas ungkap bicara antara prabowo subianto donald trump,17,15,1,0,0,1,0,2,2026-06-25 17:04:20
1933781331957461370,,@CNNIndonesia Relawan yang kerjanya jadi tukang lapor apakah termasuk menambah lapangan kerja baru dari total janji pembukaan 19 juta lapangan kerja baru kabinet Prabowo Gibran?,sukarelawan kerja jadi tukang lapor apakah masuk tambah lapang kerja baru total janji buka juta lapang kerja baru kabinet prabowo gibran,25,21,0,1,0,2,1,6,2026-06-25 17:04:21
1933779702499659806,,Terungkap Isi Pembicaraan Prabowo dan Trump Lewat Telepon Komunikasi Presiden Prabowo Subianto dan Presiden Donald Trump via telepon pada Kamis malam 12 Juni 2025 diungkap Sekretaris Kabinet (Seskab) Letkol Teddy Indra Wijaya. https://t.co/N4ue9NkXKw,ungkap isi bicara prabowo trump lewat telepon komunikasi presiden prabowo subianto presiden donald trump via telepon kamis malam juni ungkap sekretaris kabinet seskab letkol teddy indra wijaya,33,27,1,0,0,3,0,3,2026-06-25 17:04:21
1933773128809001348,,Gua akan bilang kalo prabowo adalah presiden yang lemah mafia mafia masih banyak yang bermain di kabinet nya. Jika tidak ia basmi semua omongannya hanya sia² belaka,gua bilang kalau prabowo presiden lemah mafia mafia masih banyak main kabinet tidak ia basmi semua omong sia belaka,27,19,0,0,0,8,1,3,2026-06-25 17:04:21
1933765020850205108,,@snjayajonggrang ngebet Anies jadi wapres Prabowo haha. Mereka gak dukung saja ngatur2 Prabowo hrus ini itu gimana kalau Anies jadi wapres? makin ngelunjak ngatur2 Prabowo malah jadi beban politik dan kabinet wkwk,ngebet anies jadi wapres prabowo haha enggak dukung atur prabowo harus bagaimana anies jadi wapres makin ngelunjak atur prabowo malah jadi beban politik kabinet wkwk,32,25,0,1,0,6,5,2,2026-06-25 17:04:22
1933757735339982977,,@pesertapeninjau @ardynshufi halah politik mulu otaknya kaga bisa disambungin ke hal lain bodo amat mau di kabinet bumn jalanan apa penjara juga ga peduli! tentang TIJANI nyaa PEMAIN yg mau direkrut MAU GA sekali pun yg minta jokowi atau prabowo!? ga nyambung sumpah..,halah politik mulu otak kagak bisa disambungin hal lain bodo amat mau kabinet bumn jalan penjara enggak peduli tentang tijani nya main yang mau rekrut mau enggak yang minta jokowi prabowo enggak sambung sumpah,43,34,0,2,0,7,9,6,2026-06-25 17:04:22
1933748378216911259,,@OposisiCerdas Saya setuju dari empat calon tersebut yg penting ganti wapresnya. Untuk memperbaiki kinerja kabinet pak Prabowo. Karena pengalaman itu berpengaruh dalam mengemban tugas sebagai wakil presiden.,tuju empat calon yang penting ganti wapresnya baik kerja kabinet pak prabowo alam pengaruh emban tukas bagai wakil presiden,27,19,0,1,0,7,3,6,2026-06-25 17:04:23
1933747318379196918,,Misinya membuat gaduh di pemerintahan bapak prabowo yg dilakukan oleh genk solo melalui mantu dan menteri kabinet merah putih.,misi buat gaduh perintah bapak prabowo yang laku genk solo lalu mantu menteri kabinet merah putih,19,16,0,0,0,3,1,5,2026-06-25 17:04:23
1933746233933521219,,Presiden Prabowo Tegaskan Tak Ada Reshuffle Kabinet Golkar: Sudah Clear and Clean https://t.co/aGh3rsPD9A #Golkar #BahlilLahadalia,presiden prabowo tegas tak ada reshuffle kabinet golkar clear and clean,15,11,1,0,2,1,0,1,2026-06-25 17:04:24
1933739889675370698,,@toe_giman Ngeri2 sedap lah kabinet prabowo udh kgk tau lg mana yg benar mana yg salah banyak penyusup ini kalo perang kyk israel vs iran kebobolan trs pejabat strategis negara hedehhh ngeri2 sedap,ngeri sedap kabinet prabowo sudah kgk daun lagi mana yang benar mana yang salah banyak susup kalau perang kayak israel vs iran bobol terus jabat strategis negara hedehhh ngeri sedap,33,30,0,1,0,2,8,3,2026-06-25 17:04:24
1933738608936263901,,@KompasTV Pak prabowo ...kpn mau reshuffle kabinet pak?,pak prabowo kapan mau reshuffle kabinet pak,8,7,0,1,0,0,1,0,2026-06-25 17:04:24
1933724316954140856,,@yaniarsim @prabowo @Kemendagri_RI @titokarnavian_ Percuma @prabowo itu cuma boneka yg pegang kabinet sekarang mulyono Dan haji isam!,percuma cuma boneka yang pegang kabinet sekarang mulyono haji isam,17,10,0,5,0,2,1,0,2026-06-25 17:04:24
1933720978619838627,,@SenopatiDiAnno @prabowo Pak @Prabowo menyatakan tidak akan ada resuffle kabinet menteri2 beliau kompak. Fix.. Impossible beliau berani mengusik menteri2 titipan mulyono. Pak Prabowo lebih memilih memPertahankan komitmen dg mulyono &amp; menteri2nya dibandingkan menjaga mempertahankan Aceh &amp; Papua dlm NKRI,pak nyata tidak ada resuffle kabinet menteri beliau kompak fix impossible beliau berani usik menteri titip mulyono pak prabowo pilih tahan komitmen dengan mulyono amp menteri banding jaga tahan aceh amp papua dalam nkri,39,34,0,3,0,2,2,9,2026-06-25 17:04:25
1933718656669921594,,@KompasTV Mentri Yusril @kumham_imipas keknya termasuk yg gak terasa kontribusinya di kabinet pak @prabowo 11-12 sama Pigai serasa ga ada kerjaan ...jadinya komen hal yg gak manfaat ....,tri yusril kayak masuk yang enggak asa kontribusi kabinet pak sama pigai serasa enggak ada kerja jadi komen hal yang enggak manfaat,28,22,0,3,0,1,7,7,2026-06-25 17:04:25
1933593175706513780,,@AirinDatangLagi Betul kenapa Prabowo takut sama Jokowi karna ada rahasia pribadi Prabowo ditangan Jokowi bukan masalah korupsi yang jelas apabila Prabowo Subianto me-reshuffle orang2jokowi di kabinet nya rahasia Prabowo Subianto akan bongkar Jokowi,betul kenapa prabowo takut sama jokowi karena ada rahasia pribadi prabowo tang jokowi bukan masalah korupsi jelas apabila prabowo subianto mereshuffle orangjokowi kabinet rahasia prabowo subianto bongkar jokowi,33,28,0,1,0,4,1,1,2026-06-25 17:04:26
1933576654393389377,,@CNNIndonesia Maaf Presiden Prabowo prediksi anda benar 2030 Indonesia bakalan bubar... Orang2 jokowi di kabinet anda lah penyebab nya,maaf presiden prabowo prediksi benar indonesia bakal bubar orang jokowi kabinet sebab,19,12,0,1,0,5,0,2,2026-06-25 17:04:26
1933562853598056824,,Menkop Budi Arie disebut banyak menuai keberhasilan selama memimpin. Hal ini disebut layak untuk terus dipertahankan sebagai Menkop. Nama menkop #BudiArieSetiadi yang kini dipercaya oleh Presiden Prabowo dalam kabinet merah putih sebagai Menteri Koperasi memang sangat luar biasa. https://t.co/6cUoXAVZU4,menkop budi arie sebut banyak tuai hasil pimpin hal sebut layak terus tahan bagai menkop nama menkop kini percaya presiden prabowo kabinet merah putih bagai menteri koperasi memang luar biasa,39,30,1,0,1,7,2,7,2026-06-25 17:04:26
1933560522672386134,,Waduh posisi gibran makin terancam deh ini. Power backingannya udah abis banget Siap2 ada reshuffle kabinet besar2an. Orang2 penting backing jokowi dibuang masukin orang2 PDIP dan prabowo Orang2 jokowi yg bermasalah bakal dihabisin satu2. We ll see the drama,waduh posisi gibran makin ancam deh power backingannya sudah habis banget siap ada reshuffle kabinet besar orang penting backing jokowi buang masuk orang pdip prabowo orang jokowi yang masalah bakal dihabisin satu weh ll sih the drama,39,37,0,0,0,2,6,5,2026-06-25 17:04:27
1933553887098909156,,@xquitavee @prabowo Mantap presiden kabinet. Tertutup mulut pengahasut,mantap presiden kabinet tutup mulut pengahasut,8,6,0,2,0,0,0,1,2026-06-25 17:04:27
1933547332752314503,,Bersama para Menteri Kabinet Merah Putih saya menghadiri peresmian Kampus Bhinneka Tunggal Ika Universitas Pertahanan oleh Presiden @prabowo di Bogor Provinsi Jawa Barat pada Rabu sore (11/6). Acara ini juga dihadiri oleh salah satu pendiri UNHAN yaitu Presiden Republik https://t.co/4Er572BNTe,sama menteri kabinet merah putih hadir resmi kampus bhinneka tunggal ika universitas tahan presiden bogor provinsi jawa barat rabu sore acara hadir salah satu diri unhan yaitu presiden republik,40,29,1,1,0,8,0,6,2026-06-25 17:04:28
1933546684044489201,,Halo @prabowo negeri ini bukan punya geng solo Kami akan perang dgn mereka sampai mati sebelum negeri ini hancur atau anda pecat segera geng solo dari kabinet CC @muhammadiyah @MUIPusat @_bemsi @ppmuhammadiyah,halo negeri bukan punya geng solo perang dengan sampai mati negeri hancur pecat segera geng solo kabinet cc,32,18,0,5,0,9,1,0,2026-06-25 17:04:28
1933546513231458323,,Isu Reshuffle Kabinet Merah Putih Merebak Presiden Prabowo Beri Bantahan: Saya Tidak Ada Rencana https://t.co/aJgpKYQiO9,isu reshuffle kabinet merah putih rebak presiden prabowo beri bantah tidak ada rencana,15,13,1,0,0,1,0,2,2026-06-25 17:04:28
1933541242123816963,,@KompasTV NAD kelihatannya sdh mulai bergejolak tuh Pak @prabowo . Bisa jadi ini karena kinerja salah seorang di kabinet bapak kinerjanya kurang atau bahkan tidak optimal,nad lihat sudah mulai gejolak tuh pak bisa jadi kerja salah orang kabinet bapak kerja kurang bahkan tidak optimal,26,19,0,2,0,4,1,5,2026-06-25 17:04:29
1933540348049199575,,@becak50 Telah lebih dari 100 hari @prabowo menjalankan kabinet OBESITAS nya tak satu pun permasalahan yg bersentuhan dgn persoalan bangsa dan negara di urus serius &amp; benar kian hari malah hanya sibuk OMON2 Mempublish- kan diri dgn pencitraan statemen 2 BOTOL persis MULYONO.,hari jalan kabinet obesitas tak satu masalah yang sentuh dengan soal bangsa negara urus serius amp benar kian hari malah sibuk omon mempublish kan diri dengan citra statemen botol persis mulyono,43,31,0,2,0,8,3,5,2026-06-25 17:04:29
1933538478928826550,,Para pengamat sprtinya meleset ttg Reshuffle kabinet yg akan dilakukan prabowo ybs bilang nyaman dgn cara kerja menteri2nya. Pdhl sy pun menilai bbrp kinerja menteri mbuat gaduh rakyat. Seprtinya negeri ini mmg sedang menuju kehancuran!!,amat sprtinya peleset tentang reshuffle kabinet yang laku prabowo ybs bilang nyaman dengan cara kerja menteri padahal saya nilai beberapa kerja menteri mbuat gaduh rakyat seprtinya negeri memang tuju hancur,35,30,0,0,0,5,8,7,2026-06-25 17:04:30
1933534124914208768,,Itu knp Tito di pertahankan Jokowi Sampe di titipin di kabinet Prabowo... Rupanya ada misi Keruk SDA blom tuntas,kenapa tito tahan jokowi sampai titipin kabinet prabowo rupa ada misi keruk sda belum tuntas,19,15,0,0,0,4,3,2,2026-06-25 17:04:30
1933533370887385470,,@Yurissa_Samosir @RajaJuliAntoni @aniesbaswedan @choymarkochoy_ @ay_prakasa2225 @JamalBoegis @msaid_didu @AmaluddinSSili1 @nomerorae @Panitia68285950 @yaniarsim @PutriKayan16645 @amelcewaw orang orang PSI peak kok bisa dipercaya dan dipegang kata katanya cemen loe juli blokir gua.. woiiiiiiii gak malu apa? habis kritik dan hina pak prabowo skeg loe di kabinet nya ???? fermentasi ludah sendiri loe jilat,orang orang psi peak kok bisa percaya pegang kata kata cemen lo juli blokir gua woiiiiiiii enggak malu habis kritik hina pak prabowo skeg lo kabinet fermentasi ludah sendiri lo jilat,50,31,0,13,0,5,4,3,2026-06-25 17:04:31
1933527645331075296,,@JokoTho23373420 @yaniarsim @prabowo @Kemendagri_RI Bersihkan kabinet dan pemerintahan dari dinasty Solo ,sih kabinet perintah dinasty solo,11,5,0,4,0,2,0,2,2026-06-25 17:04:31
1933527275276054994,,NGAWUR! Menteri Kabinet Prabowo Mau 'Pelintir' Sejarah Pemerkosaan Massal 1998 https://t.co/4igBvP550A,ngawur menteri kabinet prabowo mau pelintir sejarah perkosa massal,11,9,1,0,0,0,0,1,2026-06-25 17:04:31
1933524971621581187,,@andrisurya79 @yaniarsim @prabowo @Kemendagri_RI Segera resafel kabinet bersihkan dari dinasty Solo ,segera resafel kabinet sih dinasty solo,11,6,0,4,0,1,0,1,2026-06-25 17:04:31
1933522239775027658,,@ARSIPAJA Mana si yang paling pembela HAM dan menjadi Menteri HAM kabinet ini ya??? Kok memble aje?? @NataliusPigai2 @prabowo #indonesiagelap,mana sih bela ham jadi menteri ham kabinet ya kok memble saja,20,12,0,3,1,4,2,2,2026-06-25 17:04:32
1933514843518345257,,Prabowo Pastikan Tak Ada Reshuffle Kabinet Kinerja Para Menteri Sudah Maksimal? https://t.co/1gK9TA8WaV,prabowo pasti tak ada reshuffle kabinet kerja menteri maksimal,12,9,1,0,0,2,0,2,2026-06-25 17:04:32
1933513751699075228,,Prabowo tidak berdaya untuk me resuffle mentri pilihan mulyono pada kabinetnya negara ini ternyata tidak dapat di atur oleh Presiden @prabowo begitu banyak kasus dari mentri di kabinet prabowo di pertontonkan ke rakyat tapi prabowo tidak berbuat apa-apa! @cnni @OCCRP,prabowo tidak daya me resuffle tri pilih mulyono kabinet negara nyata tidak dapat atur presiden banyak kasus tri kabinet prabowo tonton rakyat tetapi prabowo tidak buat apaapa,40,27,0,3,0,10,1,8,2026-06-25 17:04:32
1933505105711845882,,Presiden Prabowo memberikan apresiasi langsung kepada menko infrastruktur Agus Harimurti Yudhoyono atas kinerjanya yang gesit dan cepat tanggal. Pernyataan ini memperkuat soliditas di kabinet dan menunjukkan bahwa prabowo memilih pembantunya dengan pertimbangan kapasitas https://t.co/uThfNEzwdp,presiden prabowo beri apresiasi langsung kepada menko infrastruktur agus harimurti yudhoyono atas kerja gesit cepat tanggal nyata kuat soliditas kabinet tunjuk bahwa prabowo pilih bantu timbang kapasitas,34,27,1,0,0,6,0,8,2026-06-25 17:04:33
1933502333071339885,,Tidak ada resuffle dalam waktu dekat semua bekerja sesuai harapan harapan presiden Prabowo. Padahal rakyatlah terimbas dan merasakan akibat banyaknya anggota kabinet yang blunder.,tidak ada resuffle dekat semua kerja suai harap harap presiden prabowo padahal rakyat imbas rasa akibat banyak anggota kabinet blunder,24,20,0,0,0,4,1,7,2026-06-25 17:04:33
1933502109389107720,,Tepis Isu Reshuffle Kabinet Prabowo: Menteri Saya Bekerja Baik https://t.co/MIlFVBEbOp,tepis isu reshuffle kabinet prabowo menteri kerja baik,10,8,1,0,0,1,0,1,2026-06-25 17:04:33
1933499544450576819,,@prabowo Aceh Merdeka gara2 ulah Menteri yang loyal ke @jokowi yang kerja di Kabinet anda Cc @DPR_RI @Gerindra,aceh merdeka gahara ulah menteri loyal kerja kabinet cc,18,9,0,4,0,5,1,0,2026-06-25 17:04:33
1933499316922167314,,@Urrangawak Beraihkan kabinet dari geng solo pak Presiden @prabowo,raih kabinet geng solo pak presiden,9,6,0,2,0,1,0,1,2026-06-25 17:04:33
1933499078207549536,,Kisruh job desc kabinet gemoy prabowo ? @pasfm @feb_ugm @setkabgoid,kisruh job desc kabinet gemoy prabowo,10,6,0,3,0,0,0,0,2026-06-25 17:04:34
1933498980576735395,,@NenkMonica Bersihkan geng solo dari kabinet pak Presiden @prabowo,sih geng solo kabinet pak presiden,9,6,0,2,0,1,0,1,2026-06-25 17:04:34
1933494562078757322,,Kabinet Merah Putih Disebut Bekerja Keras Presiden Prabowo Tegaskan Tak Ada Reshuffle https://t.co/P50YC8Ma9S,kabinet merah putih sebut kerja keras presiden prabowo tegas tak ada reshuffle,13,12,1,0,0,0,0,3,2026-06-25 17:04:34
1933493039017963972,,Wo @prabowo gegara sisa menteri titipan Mulyono masih dipelihara keadaan malah jadi gini. Kabinet Omon-Omon baik dimana ?.,wo gegara sisa menteri titip mulyono masih pelihara ada malah jadi begini kabinet omonomon baik,18,15,0,1,0,1,1,3,2026-06-25 17:04:34
1933492890657046658,,@tempodotco Kata presiden prabowo semua mentrinya bekerja baik kabinet merah purih kompak,kata presiden prabowo semua tri kerja baik kabinet merah purih kompak,12,11,0,1,0,0,0,2,2026-06-25 17:04:35
1933487958302318716,,Presiden Prabowo Tegaskan Tidak Ada Reshuffle Kabinet Karena Kerja Menteri Baik dan Solid - Beranda Indonesia https://t.co/U0qob9wQHq,presiden prabowo tegas tidak ada reshuffle kabinet kerja menteri baik solid beranda indonesia,17,13,1,0,0,2,0,1,2026-06-25 17:04:35
1933482452242346369,,Akibat perbuatan anak buah Jokowi yang ada di kabinet Prabowo. Tito Karnavian geng solo mulai merusak kepemerintahan Prabowo. https://t.co/Yj8B2yqeFk,akibat buat anak buah jokowi ada kabinet prabowo tito karnavian geng solo mulai rusak perintah prabowo,19,16,1,0,0,2,0,3,2026-06-25 17:04:35
1933478361319579727,,Eh td aku liat di tv katanya kabinet skrg gaada reshuffle prabowo bilang tim saya kompak ,eh tadi lihat tv kata kabinet sekarang enggak ada reshuffle prabowo bilang tim kompak,16,13,0,0,0,3,4,1,2026-06-25 17:04:35
1933476081279074531,,@zoelfick @prabowo @bobbynasution_ Apakah ini jd pemicu Indonesia bubar 2030 ? Lu mesti hati-hati pak @prabowo ama kebijakan kabinet lu. Bahlil dg Raja Ampatnya Tito dg Acehnya.,apakah jadi picu indonesia bubar lu mesti hatihati pak hama bijak kabinet lu bahlil dengan raja ampat tito dengan acehnya,27,20,0,4,0,1,4,3,2026-06-25 17:04:36
1933473876799090961,,@tempodotco Kacau emang kabinet gemoy @prabowo https://t.co/1tfVAHnK63,kacau memang kabinet gemoy,7,4,1,2,0,0,1,0,2026-06-25 17:04:36
1933471143920607294,,@Ary_PrasKe2 @Anak__Ogi @becak50 @BiLLRaY2019 @sami86pilang @RickyKardjono @jhonsitorus_19 @NgkongRoses @Harakiri_14 @newIding30 @AntoniusCDN Utk masalah kompak/tdk kabinet anda @prabowo rakyat lebih tahu dr pd anda pak,untuk masalah kompaktdk kabinet rakyat tahu dari pada pak,24,9,0,12,0,3,3,0,2026-06-25 17:04:36
1933469550487744880,,Beneran nih mas Broo @prabowo - Kabinet sampean adalah Tim berKinerja Terbaik #hening Ndasmu https://t.co/8r9fciAb4i,benar nih mas broo kabinet sampean tim kerja baik ndasmu,15,10,1,1,1,1,1,3,2026-06-25 17:04:37
1933467229427020050,,@xquitavee @prabowo Saat paslon kami menolak gabung pemerintahan (misalnya masuk kabinet) agar fokus jadi oposisi kalian nyinyir ke paslon kami (dengan bilang siapa juga yang ngajak gabung? ) Sekarang saat paslon kami anteng bae kalian memfitnah mereka ingin masuk kabinet.,paslon tolak gabung perintah misal masuk kabinet fokus jadi oposisi kalian nyinyir paslon bilang ajak gabung sekarang paslon anteng bae kalian fitnah ingin masuk kabinet,40,25,0,2,0,12,1,5,2026-06-25 17:04:37
1933466884172816474,,@ArieMulk @04_zainal @prabowo Heranya lg prabowo ttp bilang kabinet merah putih kompak gk istilah mentrinya jkw mentrinya prabowo,hanya lagi prabowo tetap bilang kabinet merah putih kompak enggak istilah tri jkw tri prabowo,18,15,0,3,0,0,3,3,2026-06-25 17:04:37
1933464174560243889,,Anggota Komisi II DPR RI dari Fraksi PKB Mohammad Toha memberikan tanggapan atas pernyataan Presiden Prabowo Subianto yang menyatakan tidak akan melakukan reshuffle kabinet dalam waktu dekat. Para menteri diminta bekerja lebih keras. https://t.co/klI8aqflCv,anggota komisi ii dpr ri fraksi pkb mohammad toha beri tanggap atas nyata presiden prabowo subianto nyata tidak laku reshuffle kabinet dekat menteri minta kerja keras,34,26,1,0,0,7,0,7,2026-06-25 17:04:37
1933463457359409465,,Presiden Prabowo tidak ada rencana Reshuffle kabinet.para menteri sudah bekerja dengan baik .dan bekerja keras ‼️ Buzzer provokator oposisi memprovokasi presiden untuk Reshuffle kabinet.ngemis minta jatah menteri bahaya nenek Banteng dekat dekat ada maunya https://t.co/gI3GRUginA,presiden prabowo tidak ada rencana reshuffle kabinetpara menteri kerja baik kerja keras buzzer provokator oposisi provokasi presiden reshuffle kabinetngemis minta jatah menteri bahaya nenek banteng dekat dekat ada mau,35,29,1,0,0,4,1,5,2026-06-25 17:04:38
1933462908786389481,,@NenkMonica Apa kabinet prabowo isinya emang zonk semua ya..,kabinet prabowo isi memang zonk semua ya,9,7,0,1,0,1,1,1,2026-06-25 17:04:38
1933462391368659084,,@04_zainal Sudah saatnya pak @prabowo mengevaluasi semua menterinya karena sdh banyak blunder dan membuat malu Negara dan Pemerintahan Kabinet Merah Putih.,saat pak evaluasi semua menteri sudah banyak blunder buat malu negara perintah kabinet merah putih,21,15,0,2,0,4,1,5,2026-06-25 17:04:38
1933462019090624922,,@zoelfick @prabowo @bobbynasution_ Sy nyatakan kabinet sy kerja bagus dan tidak akan ada reshuffle?emang rezim omon2 ini mah.apa presiden tdk tau ada menteri terindikasi kuat judol dan korupsi? @prabowo @Gerindra @bang_dasco,saya nyata kabinet saya kerja bagus tidak ada reshuffleemang rezim omon mahapa presiden tidak daun ada menteri indikasi kuat judol korupsi,31,21,0,6,0,4,5,2,2026-06-25 17:04:38
1933455120228102327,,Sekretaris Kabinet mengungkapkan isi pembicaraan yang dilakukan Presiden Republik Indonesia Prabowo Subianto dengan Presiden AS Donald Trump melalui sambungan telepon..... #PrabowoSubianto #Trump https://t.co/mQiLjeqPCw,sekretaris kabinet ungkap isi bicara laku presiden republik indonesia prabowo subianto presiden as donald trump lalu sambung telepon,23,18,1,0,2,2,0,5,2026-06-25 17:04:38
1933452774207074814,,@HabiebBass Prabowo ini apa ya. Di hina gak denger di puji lanjut ngarang bang.. Ga paham lagi gue konsep pemerintahannya kayak mana . Kabinet Indonesia berantakan,prabowo ya hina enggak dengar puji lanjut arang bang enggak paham lagi gue konsep perintah kayak mana kabinet indonesia beranta,26,20,0,1,0,4,4,3,2026-06-25 17:04:39
1933450360984850811,,Presiden RI Prabowo Subianto menerima telepon dari Presiden Amerika Serikat (AS) Donald Trump. Rupanya mereka membahas penguatan kerja sama antara dua negara. Hal ini diungkapkan Sekretaris Kabinet (Seskab) Teddy Indra Wijaya dalam akun Instagaram @sekretariat.kabinet yang https://t.co/eJLcSiNjer,presiden ri prabowo subianto terima telepon presiden amerika serikat as donald trump rupa bahas kuat kerja sama antara dua negara hal ungkap sekretaris kabinet seskab teddy indra wijaya akun instagaram kabinet,37,31,1,1,0,5,0,5,2026-06-25 17:04:39
1933450149919142393,,@DarsAlexandra1 Tugas prabowo hnya melantik para Mentri pasokan jkowi. Urusan pecat memecat bukan wewenangnya. solusi meningkatkan kinerja kabinet maka naikan gaji + fasilitas nya. Begitu bunyi perjanjiannya ,tukas prabowo hanya lantik tri pasok jkowi urus pecat pecat bukan wewenangnya solusi tingkat kerja kabinet naik gaji fasilitas bunyi janji,27,21,0,1,0,4,2,9,2026-06-25 17:04:40
1933449529455690161,,Negara di Pimpin Soeharto Indonesia bs maju bertahan 32 Tahun.Prabowo dan Gibran bs apa bekerja utk Rakyat?Omon² bilang Indonesia maju meroket dgn Kabinet merah Putih.Faktanya Pengangguran mengikat dari 5 67% jadi 6 54%.Anda msh yakin Dan berharap datangnya 19 ribu lapangan Kerja,negara pimpin soeharto indonesia bisa maju tahan tahunprabowo gibran bisa kerja untuk rakyatomon bilang indonesia maju roket dengan kabinet merah putihfaktanya anggur ikat jadi masih yakin harap datang ribu lapang kerja,42,31,0,0,0,6,5,9,2026-06-25 17:04:41
1933443758399631516,,Prabowo Tak Reshuffle Kabinet PKB Minta Menteri Bekerja Lebih Keras Lagi https://t.co/Ke8NajTn8Y,prabowo tak reshuffle kabinet pkb minta menteri kerja keras lagi,12,10,1,0,0,1,1,2,2026-06-25 17:04:41
1933443005815640238,,Prabowo Tegaskan Belum Ada Rencana Reshuffle Kabinet @KemensetnegRI @setkabgoid #Prabowo #Rencana #Reshuffle #Kabinet #Berita #News #Info https://t.co/jz7tjHQrrn,prabowo tegas belum ada rencana reshuffle kabinet,17,7,1,2,7,0,0,1,2026-06-25 17:04:41
1933438149700825263,,Yth Pak @prabowo mohon wajibkan kabinet atau seminimalnya pegawai BPJS dan keluarganya kalau berobat untuk pakai BPJS dan jangan asuransi swasta,yth pak mohon wajib kabinet minimal pegawai bpjs keluarga obat pakai bpjs jangan asuransi swasta,21,15,0,1,0,5,0,4,2026-06-25 17:04:41
1933438084705890819,,Presiden Prabowo menegaskan bahwa hingga saat ini tidak ada rencana untuk melakukan reshuffle kabinet. Ia menyatakan bahwa Kabinet Merah Putih saat ini bekerja dengan solid dan kompak meski diakui masih ada kekurangan dalam komunikasi publik. Menurut Prabowo kerja para menteri https://t.co/Wxw6s20tJf,presiden prabowo tegas bahwa hingga tidak ada rencana laku reshuffle kabinet ia nyata bahwa kabinet merah putih kerja solid kompak meski aku masih ada kurang komunikasi publik turut prabowo kerja menteri,41,31,1,0,0,9,0,7,2026-06-25 17:04:41
1933437966367785073,,@xquitavee @prabowo Mana bisa wowo mereshuffle kabinet nya mulyono Ngimpi,mana bisa wowo mereshuffle kabinet mulyono mimpi,10,7,0,2,0,1,1,0,2026-06-25 17:04:42
1933436505046786480,,Sekretaris Kabinet (Seskab) Teddy Indra Wijaya mengungkap isi pembicaraan Presiden Prabowo Subianto dan Presiden Amerika Serikat (AS) Donald Trump via telepon Kamis 12 Juni 2025. #seskab #presidenprabowo #presidendonaldtrump #mdkbl https://t.co/5pNdBxBpXX,sekretaris kabinet seskab teddy indra wijaya ungkap isi bicara presiden prabowo subianto presiden amerika serikat as donald trump via telepon kamis juni,30,22,1,0,4,1,0,2,2026-06-25 17:04:42
1933434957097283927,,Menteri2 kabinet @prabowo ditunjuk dan diangkat krn jatah kontribusi dan balas budi jadi mustahil diganti. Yang terindikasi korup judol akan aman2 saja. https://t.co/Zt2AK6dLo8,menteri kabinet tunjuk angkat karena jatah kontribusi balas budi jadi mustahil ganti indikasi korup judol aman,23,16,1,1,0,5,1,4,2026-06-25 17:04:42
1933433708746584157,,@HAPOSANM @CakKhum Tidak ada bukti langsung bahwa Jokowi setuju atau tidak setuju dengan reshuffle kabinet dalam waktu dekat. Presiden Prabowo telah menyatakan tidak ada rencana reshuffle menilai kinerja menterinya baik (The Jakarta Post 12 Juni 2025). Meski Jokowi masih bertemu pejabat,tidak ada bukti langsung bahwa jokowi tuju tidak tuju reshuffle kabinet dekat presiden prabowo nyata tidak ada rencana reshuffle nilai kerja menteri baik the jakarta post juni meski jokowi masih temu jabat,41,32,0,2,0,5,0,8,2026-06-25 17:04:42
1933433234031022299,,@kompascom Bahlil Lahadalia juga dinilai kurang koordinasi dan kinerjanya dipertanyakan. Secara keseluruhan banyak menteri dari era Jokowi masih mengisi Kabinet Prabowo dengan sekitar 17 menteri dan 8 wakil menteri berasal dari pemerintahan Jokowi yang menunjukkan pengaruh besar Jokowi,bahlil lahadalia nilai kurang koordinasi kerja tanya cara seluruh banyak menteri era jokowi masih isi kabinet prabowo kitar menteri wakil menteri asal perintah jokowi tunjuk pengaruh besar jokowi,38,28,0,1,0,7,1,9,2026-06-25 17:04:43
1933433027688083684,,@kompascom Dari hasil survei dan evaluasi yang dirilis oleh beberapa lembaga terdapat 5 menteri di Kabinet Prabowo yang dinilai publik memiliki kinerja buruk dalam 100 hari pertama pemerintahan Prabowo-Gibran. Mereka adalah: 1. Natalius Pigai (Menteri HAM) 2. Budi Arie Setiadi (Menteri..,hasil survei evaluasi rilis beberapa lembaga dapat menteri kabinet prabowo nilai publik milik kerja buruk hari pertama perintah prabowogibran natalius pigai menteri ham budi arie setiadi menteri,41,27,0,1,0,9,0,6,2026-06-25 17:04:43
1933432992812445850,,Prabowo Tegaskan Belum Ada Rencana Reshuffle Kabinet @KemensetnegRI @setkabgoid #Prabowo #Rencana #Reshuffle #Kabinet #Berita #News #Info https://t.co/sbp6HXzKUd,prabowo tegas belum ada rencana reshuffle kabinet,17,7,1,2,7,0,0,1,2026-06-25 17:04:43
1933430737753223381,,Presiden Prabowo Subianto memastikan tak ada perombakan kabinet atau reshuffle dalam waktu dekat. Sejauh ini kata dia para pembantunya sudah bekerja dengan baik. Baca Selengkapnya: https://t.co/YOUL5QG5Hq https://t.co/yaAtCw7ixy,presiden prabowo subianto pasti tak ada ombak kabinet reshuffle dekat jauh kata bantu kerja baik baca lengkap,27,17,2,0,0,8,0,6,2026-06-25 17:04:43
1933423933941743626,,Sekretaris Kabinet (Seskab) Teddy Indra Wijaya mengungkap isi pembicaraan Presiden Prabowo Subianto dan Presiden Amerika Serikat (AS) Donald Trump via telepon Kamis 12 Juni 2025. Pembicaraan kedua pemimpin negara itu berlangsung selama 15 menit. #liputan6dotcom #lip6van https://t.co/zpGcqbPkfY,sekretaris kabinet seskab teddy indra wijaya ungkap isi bicara presiden prabowo subianto presiden amerika serikat as donald trump via telepon kamis juni bicara dua pimpin negara langsung menit,37,28,1,0,2,3,0,6,2026-06-25 17:04:43
1933423268519948762,,Prabowo Akhirnya Jawab Soal Reshuffle Kabinet Merah Putih Selengkapnya &gt;&gt;&gt; https://t.co/kMBK9lkJTb https://t.co/3FRS3qFP0H,prabowo akhir jawab soal reshuffle kabinet merah putih lengkap gtgtgt,12,10,2,0,0,0,0,2,2026-06-25 17:04:44
1933422822166278240,,Presiden Prabowo Subianto menegaskan bahwa tidak ada niatan untuk melakukan reshuffle kabinet meskipun terdapat tuntutan publik yang signifikan untuk perombakan tersebut. https://t.co/WUd5NhIPls,presiden prabowo subianto tegas bahwa tidak ada niat laku reshuffle kabinet meski dapat tuntut publik signifikan ombak,22,17,1,0,0,4,0,7,2026-06-25 17:04:44
1933422699373867516,,Prabowo Akhirnya Jawab Soal Reshuffle Kabinet Merah Putih Selengkapnya &gt;&gt;&gt; https://t.co/s7Q2fUxugo https://t.co/RAFCX4nzKr,prabowo akhir jawab soal reshuffle kabinet merah putih lengkap gtgtgt,12,10,2,0,0,0,0,2,2026-06-25 17:04:44
1933421863142851033,,Prabowo Akhirnya Jawab Soal Reshuffle Kabinet Merah Putih Selengkapnya &gt;&gt;&gt; https://t.co/iksuaPBf2E https://t.co/ob01j93FRV,prabowo akhir jawab soal reshuffle kabinet merah putih lengkap gtgtgt,12,10,2,0,0,0,0,2,2026-06-25 17:04:44
1933419575171035510,,Presiden Prabowo Terima Telepon dari Presiden AS Donald Trump Bahas Kerja Sama dan Perdamaian Global https://t.co/1MCYr7vao5,presiden prabowo terima telepon presiden as donald trump bahas kerja sama damai global,16,13,1,0,0,2,0,1,2026-06-25 17:04:44
1933417804176220192,,Prabowo Ogah 'Reshuffle' Kabinet: Pengamat Ungkap 3 Alasan di Baliknya! https://t.co/TFPjG7NGWn,prabowo ogah reshuffle kabinet amat ungkap alas balik,11,8,1,0,0,1,0,3,2026-06-25 17:04:44
1933417527763403101,,Kabinet Prabowo diisi oleh pembenci Prabowo pencaci maki Prabowo. Raja Juli salah satunya #TitoPemecahBangsa #TitoPemecahBangsa Pembela Prabowo pendukung Prabowo yang tulus dan setia itu yang sekarang di luar pemerintahan. Mereka ingin Indonesia diselamatkan https://t.co/EypHLXYTfu,kabinet prabowo isi benci prabowo caci maki prabowo raja juli salah satu bela prabowo dukung prabowo tulus setia sekarang luar perintah ingin indonesia selamat,34,24,1,0,2,7,0,8,2026-06-25 17:04:45
1933416090430026115,,𝗣𝗿𝗲𝘀𝗶𝗱𝗲𝗻 𝗣𝗿𝗮𝗯𝗼𝘄𝗼: 𝗧𝗶𝗱𝗮𝗸 𝗔𝗱𝗮 𝗥𝗲𝗻𝗰𝗮𝗻𝗮 𝗥𝗲𝘀𝗵𝘂𝗳𝗳𝗹𝗲 Setelah Presiden Prabowo Subianto menegaskan tidak ada perombakan atau reshuffle kabinet dalam waktu dekat Komisi II DPR meminta semua anggota kabinet untuk membayar kepercayaan Presiden https://t.co/AmIcpL1oWH,presiden prabowo subianto tegas tidak ada ombak reshuffle kabinet dekat komisi ii dpr minta semua anggota kabinet bayar percaya presiden,32,20,1,0,0,5,0,11,2026-06-25 17:04:45
1933412424922902737,,Inilah alasan presiden RI Prabowo Subianto harus ada tindakan reshuffle kabinet terutama Dua menteri terafiliasi jaringan Jokowi Cawecawe.... @prabowo @setkabgoid @setpresRI,ini alas presiden ri prabowo subianto harus ada tindak reshuffle kabinet utama dua menteri afiliasi jaring jokowi cawecawe,21,18,0,3,0,0,0,6,2026-06-25 17:04:45
1933409634335010835,,malapetaka apa yg menimpa indonesia shg punya presiden keq gini @prabowo katanya lo pinter tp koq malah memperlihatkan ketololan lo dr dulu malah tmbah parah plus dgn kabinet carut marut lo itu wo..wo....!!! #NEGRIPARABAJINGAN,malapetaka yang timpa indonesia shg punya presiden kek begini kata lo pintar tapi kok malah lihat tolol lo dari dahulu malah tambah parah plus dengan kabinet carut marut lo wowo,34,30,0,1,1,2,10,4,2026-06-25 17:04:45
1933408836519669962,,@cobeh2022 Nunggu KPK Mabes Polri dan Kejakgung yg me-reshuffle paksa kabinet nya Prabowo,tunggu kpk mabes polri kejakgung yang mereshuffle paksa kabinet prabowo,13,10,0,1,0,2,2,1,2026-06-25 17:04:46
1933408749978595531,,Presiden RI Prabowo Subianto memastikan tidak ada rencana untuk merombak susunan Kabinet Merah Putih dalam waktu dekat. Ia menilai seluruh menterinya bekerja dengan baik dan solid sebagai satu tim. Saya tidak ada rencana mau reshuffle sementara saya menilai tim saya bekerja https://t.co/AaBAQZilHA,presiden ri prabowo subianto pasti tidak ada rencana rombak susun kabinet merah putih dekat ia nilai seluruh menteri kerja baik solid bagai satu tim tidak ada rencana mau reshuffle sementara nilai tim kerja,42,33,1,0,0,8,1,8,2026-06-25 17:04:46
1933406439592362126,,Presiden Prabowo Memastikan Tidak Ada Reshuffle Kabinet. . Menteri-2 Kompak Bekerja Keras Dengan Baik Menteri-2 Mukidi Aman PDIP Tetap Di Luar Jakarta Kamis (12/6/2025) . https://t.co/Mt7XAWpoZa .. https://t.co/IU70LN88He,presiden prabowo pasti tidak ada reshuffle kabinet menteri kompak kerja keras baik menteri mukidi aman pdip tetap luar jakarta kamis,28,20,2,0,0,2,0,2,2026-06-25 17:04:46
1933405824535441428,,AGI ASI : Kaga Aman Negara Lu Banyak Maling Penipuan Modus Untung Nya Kaga Gw Kasih Laptop Gw Mampus Gw Kalo Di Kasih Bisa Di Ambil Parah Nih Kabinet Mentri Kebijakan Sama Pemerintah @prabowo,agi asi kagak aman negara lu banyak maling tipu modus untung kagak gue kasih laptop gue mampus gue kalau kasih bisa ambil parah nih kabinet tri bijak sama perintah,34,29,0,1,0,3,6,4,2026-06-25 17:04:46
1933405436994085069,,Prabowo Tak Akan Reshuffle Kabinet Legislator PKB Minta Menteri Fokus Kerja Nyata https://t.co/i4x5US9ujg,prabowo tak reshuffle kabinet legislator pkb minta menteri fokus kerja nyata,13,11,1,0,0,1,1,1,2026-06-25 17:04:47
1933404852513919035,,Prabowo Tegaskan Belum Ada Rencana Reshuffle Kabinet @KemensetnegRI @setkabgoid #Prabowo #Rencana #Reshuffle #Kabinet #Berita #News #Info https://t.co/sbp6HXzKUd,prabowo tegas belum ada rencana reshuffle kabinet,17,7,1,2,7,0,0,1,2026-06-25 17:04:47
1933399476494086199,,@xquitavee @prabowo kalo tidak ada kepercayaan dari rskyat n asing terus menerus yakin ga bakal ada reshuffle kabinet ?! https://t.co/MHpoNUgyUX,kalau tidak ada percaya rskyat asing terus terus yakin enggak bakal ada reshuffle kabinet,20,14,1,2,0,1,2,2,2026-06-25 17:04:47
1933397821639831604,,@xquitavee @prabowo usul reshuffle kok tiba2 pasang framing pengen masuk kabinet ...... kesimpulan orang picik ........ minta di reshuffle karena emang ga becus !!!!!!!,usul reshuffle kok tiba pasang framing pengin masuk kabinet simpul orang picik minta reshuffle memang enggak becus,24,17,0,2,0,2,4,2,2026-06-25 17:04:47
1933397486934372481,,@mindingthing @ardynshufi Seenak jidat https://t.co/OAsnmy364G aja Thohir udah gak aman di kabinet Prabowo MNRT bocor Alus. Kalau dia gagal lolos pildun proyek timnas bakal Batal dan dia cabut.,enak jidat saja thohir sudah enggak aman kabinet prabowo mnrt bocor alus gagal lolos pildun proyek timnas bakal batal cabut,28,20,1,2,0,5,3,1,2026-06-25 17:04:48
1933392415483977767,,@Mr_cosanostra Pecat ganti Tito karnavian titip joko widodo di kabinet Presiden Prabowo ini Rakyat NKRI jangan dibuat Gaduh dan adu domba,pecat ganti tito karnavian titip joko widodo kabinet presiden prabowo rakyat nkri jangan buat gaduh radu domba,21,17,0,1,0,3,1,1,2026-06-25 17:04:48
1933385147711398187,,@DS_yantie Wahai presiden yg baru tlg lah bersihkan kabinet Bpk dari org2 yg msh punya kepentingan dg genk solo agar Bpk prabowo tdk terusik... Kami rakyat ingin tenang.,wahai presiden yang baru tolong sih kabinet bpk orang yang masih punya penting dengan genk solo bpk prabowo tidak usik rakyat ingin tenang,28,23,0,1,0,4,7,3,2026-06-25 17:04:48
1933378645466493353,,@RenalAri2012 @ARSIPAJA Tidak ada rencana reshuffle kabinet saat ini sebagaimana dinyatakan Presiden Prabowo dan pejabat lainnya pada Juni 2025. Kabinet dianggap berkinerja baik dengan tingkat kepuasan publik sekitar 80% terutama untuk menteri seperti Menteri Agama. Namun ada kritik terhadap,tidak ada rencana reshuffle kabinet bagaimana nyata presiden prabowo jabat lain juni kabinet anggap kerja baik tingkat puas publik kitar utama menteri seperti menteri agama ada kritik hadap,39,28,0,2,0,7,2,8,2026-06-25 17:04:49
1933375194628084201,,Ogah Reshuffle Kabinet Prabowo: Menteri Bekerja dengan Baik https://t.co/075paPgJDZ,ogah reshuffle kabinet prabowo menteri kerja baik,9,7,1,0,0,1,0,1,2026-06-25 17:04:49
1933374130226933825,,@islah_bahrawi Prabowo benar2 cuma boneka dibiarkan nikmati tahta RI1 tp pemerintahan dikendalikan KABINET BAYANGAN. Luhut/pratikno - teddy - bahlil/tito/erik. All mulyono's man.,prabowo benar cuma boneka biar nikmat takhta ri tapi perintah kendali kabinet bayang luhutpratikno teddy bahliltitoerik all mulyonos man,22,19,0,1,0,0,2,5,2026-06-25 17:04:49
1933373765339263165,,Presiden Prabowo Subianto menegaskan tak ada rencana melakukan reshuffle kabinet. Prabowo bilang para menterinya bekerja dengan baik. Gimana komentar kamu detikers? &gt;&gt; https://t.co/I1VmlmffyZ https://t.co/ihYPDDgEd9,presiden prabowo subianto tegas tak ada rencana laku reshuffle kabinet prabowo bilang menteri kerja baik bagaimana komentar detikers gtgt,24,19,2,0,0,3,1,4,2026-06-25 17:04:49
1933373710398075122,,Semakin kepanasan para pegamat abal2 pembenci @jokowi https://t.co/rkbABMCUUN Presiden Prabowo Subianto menegaskan tidak ada rencana melakukan reshuffle kabinet dalam waktu dekat. Prabowo menilai menterinya sejauh ini bekerja dengan baik.,makin panas gamat abal benci presiden prabowo subianto tegas tidak ada rencana laku reshuffle kabinet dekat prabowo nilai menteri jauh kerja baik,29,22,1,1,0,5,1,9,2026-06-25 17:04:50
1933371223662288989,,Presiden Prabowo umumkan kenaikan gaji hakim hingga 280% terutama bagi golongan junior berkat efisiensi anggaran Kabinet Merah Putih. Dalam pengukuhan hakim MA ia tegaskan semua golongan akan naik signifikan dan minta pegawai lain bersabar. https://t.co/MqcPJj0w8s,presiden prabowo umum naik gaji hakim hingga utama bagi golong junior berkat efisiensi anggar kabinet merah putih kukuh hakim mak ia tegas semua golong naik signifikan minta pegawai lain sabar,35,30,1,0,0,3,2,10,2026-06-25 17:04:50
1933368890421293268,,Presiden Prabowo Subianto menegaskan bahwa tidak ada niatan untuk melakukan reshuffle kabinet meskipun ada tuntutan publik yang signifikan untuk perombakan tersebut. https://t.co/fl8gGiUrMf,presiden prabowo subianto tegas bahwa tidak ada niat laku reshuffle kabinet meski ada tuntut publik signifikan ombak,22,17,1,0,0,4,0,6,2026-06-25 17:04:50
1933364931900158181,,Prabowo Bantah Isu Reshuffle Kabinet https://t.co/muIL1Bt7ej,prabowo bantah isu reshuffle kabinet,6,5,1,0,0,0,0,0,2026-06-25 17:04:50
1933364598243274955,,@kompascom pak @prabowo ganti kabinet itu hak anda sampai ngga bisa ganti kabinet ngga bebas karena intervensi kasian amat pak,pak ganti kabinet hak sampai enggak bisa ganti kabinet enggak bebas intervensi kasihan amat pak,20,15,0,2,0,3,3,0,2026-06-25 17:04:50
1933363984746659884,,@abu_waras Jangan berharap apapun dari Pemerintahan Prabowo yang tutup kuping tutup mata. Bravo Kabinet Merah Putih .,jangan harap apa perintah prabowo tutup kuping tutup mata bravo kabinet merah putih,17,13,0,1,0,2,0,3,2026-06-25 17:04:51
1933363515089461440,,@Ary_PrasKe2 @Anak__Ogi @becak50 @BiLLRaY2019 @sami86pilang @RickyKardjono @jhonsitorus_19 @NgkongRoses @Harakiri_14 @newIding30 @AntoniusCDN Kabinet merah putih? Merah isinya orang Prabowo. Putih orang nya TERMUL. (Termul suka baju putih) Masuk ga?,kabinet merah putih merah isi orang prabowo putih orang termul termul suka baju putih masuk enggak,28,16,0,11,0,1,1,1,2026-06-25 17:04:51
1933361596212129919,,Sampai kiamatpun Prabowo presiden tidak bakalan berani copot Tito.Tentu tdk berani sbb Tito kaki tangan Jokowi di kabinet.Prabowo terikat Surat Perintah Solo 13 Oktober 2024. Copot Tito dibongkar rahasia https://t.co/1RI5j8rQIn estate dan Alutsista.Sial amat. @bang_dasco,sampai kiamat prabowo presiden tidak bakal berani copot titotentu tidak berani sebab tito kaki tangan jokowi kabinetprabowo ikat surah perintah solo oktober copot tito bongkar rahasia estate alutsistasial amat,35,29,1,1,0,2,3,4,2026-06-25 17:04:51
1933358595221184896,,Presiden Prabowo pastikan tidak ada rencana reshuffle kabinet. Ia sebut menterinya solid dan bekerja demi kepentingan rakyat. https://t.co/K4tCgmI4yk,presiden prabowo pasti tidak ada rencana reshuffle kabinet ia sebut menteri solid kerja demi penting rakyat,18,16,1,0,0,1,0,4,2026-06-25 17:04:51
1933358235769319904,,Presiden Prabowo Subianto membantah akan melakukan reshuffle atau pergantian menteri di Kabinet Merah Putih. saja. https://t.co/yKkuEyLHQs,presiden prabowo subianto ban laku reshuffle ganti menteri kabinet merah putih,16,11,1,0,0,4,0,3,2026-06-25 17:04:52
1933354916975947884,,Prabowo Tegaskan Belum Ada Rencana Reshuffle Kabinet @KemensetnegRI @setkabgoid #Prabowo #Rencana #Reshuffle #Kabinet #Berita #News #Info https://t.co/ZWHK8YKkRC,prabowo tegas belum ada rencana reshuffle kabinet,17,7,1,2,7,0,0,1,2026-06-25 17:04:52
1933354483050033363,,Presiden RI Prabowo Subianto menegaskan bahwa tidak ada rencana untuk melakukan perombakan atau reshuffle Kabinet Merah Putih karena para menterinya bekerja dengan baik. https://t.co/itLZ3pxIVW,presiden ri prabowo subianto tegas bahwa tidak ada rencana laku ombak reshuffle kabinet merah putih menteri kerja baik,24,18,1,0,0,5,0,5,2026-06-25 17:04:52
1933346607417954427,,@prabowo hati2 pak menteri anda ini sepertinya salah satu impostor di kabinet. Tolong balilin pulaunya lagi ke aceh. Bahaya ini bisa pemberontakan berujung Aceh merdeka,hati pak menteri seperti salah satu impostor kabinet tolong balilin pulau lagi aceh bahaya bisa ronta ujung aceh merdeka,25,19,0,1,0,5,0,4,2026-06-25 17:04:52
1933346259185905947,,@kompascom Prabowo downgrade pemerintahannya sendiri yg selain dirongrong oleh orang2 Jokowi yg masih bercokol di kabinet juga dirongrong oleh pernyataan2nya yg inkonsisten.,prabowo downgrade perintah sendiri yang selain rongrong orang jokowi yang masih cokol kabinet rongrong nyata yang inkonsisten,22,17,0,1,0,4,3,5,2026-06-25 17:04:53
1933340705398927815,,Sambil dilirik oleh Menteri Jokowi di Kabinet Prabowo,sambil lirik menteri jokowi kabinet prabowo,8,6,0,0,0,2,0,1,2026-06-25 17:04:53
1933340116514451610,,@DadangAbdulla13 @Boediantar4 @prabowo @Gerindra Tito itu orgnya Mulyono yg dititip di kabinet prabowo.,tito orgnya mulyono yang titip kabinet prabowo,13,7,0,4,0,2,1,1,2026-06-25 17:04:53
1933209616424554712,,Presiden Prabowo Cabut IUP Nikel Dinilai Indikasi Ada Perusak Dalam Kabinet Merah Putih. https://t.co/lU2mgXiRgA https://t.co/7066YScUzZ,presiden prabowo cabut iup nikel nilai indikasi ada usak kabinet merah putih,15,12,2,0,0,1,0,2,2026-06-25 17:04:53
1933204900307214673,,Presiden Prabowo dalam waktu dekat ini tidak ada rencana untuk Reshuffle kabinet meski ada godaan dari pihak sebelah bekerjalah dgn tenang dan perbaiki kekurangan yg ada dimasing2 kementrian https://t.co/p43sxj9vWB,presiden prabowo dekat tidak ada rencana reshuffle kabinet meski ada goda pihak belah kerja dengan tenang baik kurang yang ada dimasing tri,29,22,1,0,0,6,3,5,2026-06-25 17:04:54
1933203418060849482,,Prabowo Pastikan Belum Ada Rencana Mau Reshuffle Kabinet https://t.co/o8GKGfBgZS https://t.co/jsMFoZbAVx,prabowo pasti belum ada rencana mau reshuffle kabinet,10,8,2,0,0,0,0,1,2026-06-25 17:04:54
1933197055935287645,,@zoelfick @prabowo Prabowo sudah tegas kemarin mengatakan bahwa tidak akan ada perombakan kabinet. Apa kalian gak paham?,prabowo tegas kemarin kata bahwa tidak ada ombak kabinet kalian enggak paham,17,12,0,2,0,3,1,2,2026-06-25 17:04:54
1933196947852263460,,@prabowo @KRjogjadotcom @suaramerdeka Pas ada 1/momen gaji hakim2 dinaikan mr president @prabowo @sjafriesjams @bang_dasco @fadlizon @SudaryonoSudar 2/ada budol mentri di kabinet yg disebut dlm bap sidang judi online. @tvOneNews @KRjogjadotcom @suaramerdeka @kumparan @rmol_id @TirtoID @geloraco @retjobuntung_fm https://t.co/fPeGKVln9u,pas ada momen gaji hakim naik mr president ada budol tri kabinet yang sebut dalam bap sidang judi online,37,19,1,16,0,1,2,3,2026-06-25 17:04:54
1933195165193396451,,Jawab Desakan Reshuffle Kabinet Prabowo Puji Menterinya Bekerja dengan Baik Salah Bicara Itu Biasa #TribunKaltim #Prabowo #ReshuffleKabinet https://t.co/V0honFsa6m lewat @tribunnews,jawab desa reshuffle kabinet prabowo puji menteri kerja baik salah bicara biasa lewat,20,13,1,1,3,2,0,3,2026-06-25 17:04:54
1933189802012360833,,Presiden Prabowo Subianto menegaskan dirinya tidak memiliki rencana untuk melakukan reshuffle kabinet. Menurutnya seluruh menteri Kabinet Merah Putih sejauh ini telah menjalankan tugas dengan cukup baik. Prabowo sekaligus menepis berbagai spekulasi publik soal kemungkinan https://t.co/3d3VfL9g0T,presiden prabowo subianto tegas diri tidak milik rencana laku reshuffle kabinet turut seluruh menteri kabinet merah putih jauh jalan tukas baik prabowo sekaligus menep bagai spekulasi publik soal mungkin,35,29,1,0,0,5,1,10,2026-06-25 17:04:55
1933186187025653827,,Omon omon doang Loe Prabocor @prabowo Pecundang penculik hasil Oposan koruptor di kabinet loe ndak loe urus..dasar gemoy Lihat video @BADAISINGKARAK! #TikTok https://t.co/zZH9fvaBuO,omon omon doang lo prabocor cundang culik hasil oposan koruptor kabinet lo indak lo urusdasar gemoy rakyat video,23,18,1,2,1,1,5,2,2026-06-25 17:04:55
1933186009484947720,,Lah malah curhat Nyari simpati ?Setelah rekrut menteri2 loyalis @jokowi dlm kabinet tak mau disebut bentuk KKN dgn dalih wong KEBERLANJUTAN. Ngoceh belum action malah melakukkan hal serupa terus disampaikan kesulitan memberantas kan ndhagel namanya @prabowo @fadlizon https://t.co/CPLA43LdCx,malah curhat cari simpati rekrut menteri loyalis dalam kabinet tak mau sebut bentuk kkn dengan dalih wong lanjut oceh belum action malah melakukkan hal rupa terus sampai sulit berantas kan ndhagel nama,38,32,1,3,0,2,4,9,2026-06-25 17:04:56
1933183616286363940,,Presiden Prabowo Cabut IUP Nikel Dinilai Indikasi Ada Perusak Dalam Kabinet Merah Putih. Intervensi pencabutan izin usaha pertambangan ini menandakan ada masalah besar dalam pemberian izin usaha pertambangan. https://t.co/yhMYtFphLj https://t.co/oyVrul2h96,presiden prabowo cabut iup nikel nilai indikasi ada usak kabinet merah putih intervensi cabut izin usaha tambang tanda ada masalah besar beri izin usaha tambang,30,25,2,0,0,3,0,7,2026-06-25 17:04:56
1933183226110963948,,Presiden Prabowo Tepis Isu Reshuffle Kabinet Sebut Menteri Sudah Bekerja Baik Presiden Prabowo Subianto menegaskan tidak ada rencana melakukan perombakan atau reshuffle Kabinet Merah Putih. Dia menilai para menterinya sudah bekerja dengan baik. https://t.co/loBrCgq8Mv https://t.co/ZPszzZr5DM,presiden prabowo tepis isu reshuffle kabinet sebut menteri kerja baik presiden prabowo subianto tegas tidak ada rencana laku ombak reshuffle kabinet merah putih nilai menteri kerja baik,35,27,2,0,0,6,0,7,2026-06-25 17:04:56
1933181935515484216,,Nilai Menterinya Bekinerja Baik Prabowo Tegaskan Tidak Ada Reshuffle Kabinet https://t.co/jtVCEdsJOJ #ReshuffleKabinet #Reshuffle #KabinetMerahPutih #KMP #Prabowo #PresidenPrabowo,nilai menteri bekinerja baik prabowo tegas tidak ada reshuffle kabinet,17,10,1,0,6,0,0,2,2026-06-25 17:04:56
1933180092630651279,,@TTariuu @kumparan Memangnya Pak Prabowo berani pecat Tito? Tito kan jongosnya Mulyono. Banyak antek mulyono di kabinet.. Pak Prab kek gak berkutik.,memang pak prabowo berani pecat tito tito kan jongos mulyono banyak antek mulyono kabinet pak prab kayak enggak kutik,22,19,0,2,0,1,2,3,2026-06-25 17:04:56
1933177548214853671,,Presiden Prabowo Subianto Bantah Akan Reshuffle kabinet https://t.co/iBwwfR6p3T,presiden prabowo subianto bantah reshuffle kabinet,8,6,1,0,0,1,0,0,2026-06-25 17:04:56
1933174205455212838,,Presiden Prabowo Subianto menegaskan bahwa dirinya tidak memiliki rencana untuk melakukan reshuffle kabinet dalam waktu dekat meski isu tersebut tengah berkembang. #newsupdate #update #news #oneliner https://t.co/sVQOE9m6Uo https://t.co/5WIGE00hIF,presiden prabowo subianto tegas bahwa diri tidak milik rencana laku reshuffle kabinet dekat meski isu kembang,27,16,2,0,4,5,0,5,2026-06-25 17:04:56
1933172625758626033,,Namun keinginan Rakyat agar Pemerintah Rezim #Omonomon bersih² Kabinet harus bertepuk sebelah tangan. |Prabowo: Saya Tidak Ada Rencana Mau Reshuffle Kabinet https://t.co/cgWQhkC6RU,ingin rakyat perintah rezim bersih kabinet harus tepuk belah tangan prabowo tidak ada rencana mau reshuffle kabinet,22,17,1,0,1,3,1,4,2026-06-25 17:04:57
1933172618234073098,,Saya BUKAN 'BONEKA' Melihat Menteri² di Kabinet MP adalah Mantan anakbuah Jokowi dan banyak yang bermasalah. Selain itu Wakilnya anak Jokowi. Jadi wajar jika Prabowo dinilai Penerus Jokowi. Dalam perjalanannya juga wajar jika Rakyat mendorong Presiden RI 'bersih²' Kabinet.,bukan boneka lihat menteri kabinet mp mantan anakbuah jokowi banyak masalah selain wakil anak jokowi jadi wajar prabowo nilai terus jokowi jalan wajar rakyat dorong presiden ri bersih kabinet,39,29,0,0,0,10,0,9,2026-06-25 17:04:57
1933170295344672960,,@jansen_jsp @AgusYudhoyono @prabowo Beberapa ketum partai 'tersandera' setelah masuk kabinet. Semoga mas AHY tidak. Tetap waspada mas.,beberapa tum partai sandera masuk kabinet moga mas ahy tidak tetap waspada mas,17,13,0,3,0,1,0,3,2026-06-25 17:04:57
1933163514467618996,,Presiden Prabowo Subianto memastikan dirinya tidak memiliki rencana untuk melakukan reshuffle kabinet Indonesia Maju. Ia menilai para menterinya telah menunjukkan kinerja yang baik sejauh ini. #mdkbl https://t.co/z9aeNr2kIf,presiden prabowo subianto pasti diri tidak milik rencana laku reshuffle kabinet indonesia maju ia nilai menteri tunjuk kerja baik jauh,27,20,1,0,1,5,0,9,2026-06-25 17:04:57
1933162720037326941,,@SenopatiDiAnno @prabowo Pecat tito . Ditaruh jokowi untuk membuat huru hara politik di kabinet prabowo . Ancaman desintegrasi bukan dari aceh saja. Maluku juga akan bgt .,pecat tito taruh jokowi buat huru hara politik kabinet prabowo ancam desintegrasi bukan aceh malu banget,27,16,0,2,0,6,1,4,2026-06-25 17:04:57
1933157216585912517,,Dalam sepekan Presiden Prabowo bertemu Presiden ke-5 RI Megawati dan Presiden ke-6 RI SBY. Bagian dari rencana reshuffle kabinet atau menjaga stabilitas politik? #Polhuk #Kompas60 https://t.co/l5Tp3VcmdT,pek presiden prabowo temu presiden ri megawati presiden ri surabaya bagi rencana reshuffle kabinet jaga stabilitas politik,26,17,1,0,2,6,1,4,2026-06-25 17:04:58
1933156043745366265,,Dalam sepekan Presiden Prabowo bertemu Presiden ke-5 RI Megawati dan Presiden ke-6 RI SBY. Bagian dari rencana reshuffle kabinet atau menjaga stabilitas politik? #Polhuk #Kompas60 https://t.co/jLmppA7lZS,pek presiden prabowo temu presiden ri megawati presiden ri surabaya bagi rencana reshuffle kabinet jaga stabilitas politik,26,17,1,0,2,6,1,4,2026-06-25 17:04:58
1933153683388391813,,@satriohendri @YouTube Jika Gibran jadi dimakzulkan para menteri titipan jokowi di kabinet merah putih kompak mundur sepertinya dan partai @psi_id mendeklarasikan mundur dari koalisi Prabowo,gibran jadi makzul menteri titip jokowi kabinet merah putih kompak mundur seperti partai deklarasi mundur koalisi prabowo,25,17,0,3,0,5,0,4,2026-06-25 17:04:58
1933147714918989827,,Bapak @prabowo sebenarnya sadar ga sih dg keinginan awal untuk bentuk zaken kabinet??? yg ada sekarang itu Ketum Partai dan tim sukses anda di pilpres 2024 kemarin Pak...,bapak benar sadar enggak sih dengan ingin awal bentuk zaken kabinet yang ada sekarang tum partai tim sukses pilpres kemarin pak,28,21,0,1,0,5,3,3,2026-06-25 17:04:58
1933145921316855987,,Setelah beberapa hari isu reshuffle kabinet muncul Presiden Prabowo Subianto mengeluarkan pernyataan yang intinya menegaskan tak ada rencana reshuffle . #Polhuk #Kompas60 https://t.co/K8BX5iTR2t,beberapa hari isu reshuffle kabinet muncul presiden prabowo subianto keluar nyata inti tegas tak ada rencana reshuffle,23,17,1,0,2,2,0,4,2026-06-25 17:04:58
1933144649918513193,,Setelah beberapa hari isu reshuffle kabinet muncul Presiden Prabowo Subianto mengeluarkan pernyataan yang intinya menegaskan tak ada rencana reshuffle . #Polhuk #Kompas60 https://t.co/GJZEpweXpq,beberapa hari isu reshuffle kabinet muncul presiden prabowo subianto keluar nyata inti tegas tak ada rencana reshuffle,23,17,1,0,2,2,0,4,2026-06-25 17:04:58
1933143002526183463,,Presiden Prabowo Tegaskan Tidak Ada Rencana Reshuffle Kabinet Merah Putih https://t.co/VvDlmAX2to https://t.co/ehJgeUgDQS,presiden prabowo tegas tidak ada rencana reshuffle kabinet merah putih,12,10,2,0,0,0,0,1,2026-06-25 17:04:58
1933142550820651359,,Kata Prabowo Kabinet Merah Putih Mirip Timnas Indonesia https://t.co/VXVgtjG2kT,kata prabowo kabinet merah putih mirip timnas indonesia,9,8,1,0,0,0,0,0,2026-06-25 17:04:58
1933141175005053095,,@kompascom Jika di lanjut kabinet kacaunya maka banyak rakyat yg kecewa pak presiden @prabowo Banyak Menteri di kabinet bapak yg prinsipnya asal bapak senang. Alias mereka tidak punya prestasi selain mengikuti Boss lama mereka @jokowi,lanjut kabinet kacau banyak rakyat yang kecewa pak presiden banyak menteri kabinet bapak yang prinsip asal bapak senang alias tidak punya prestasi selain ikut bos lama,35,26,0,3,0,6,3,3,2026-06-25 17:04:58
1933140845362045171,,@bengkeldodo @prabowo kata pak @prabowo sorryyy yeee ... Ga Terima sampah di kabinet ,kata pak sorryyy ya enggak terima sampah kabinet,13,8,0,3,0,1,2,0,2026-06-25 17:04:59
1933138581742363048,,Kasian kubu keok pilpres udah halu pingin ada yg masuk kabinet Palagi yg pengangguran yg skrg tiktok an mulu sampe di bikinin pilm Ga ada reshuffle kabinet yaaa kata pak presiden @prabowo krn tim kabinet nya bekerja dgn baik https://t.co/8RVu5WYWCu,kasihan kubu keok pilpres sudah halu pengin ada yang masuk kabinet palagi yang anggur yang sekarang tiktok an mulu sampai bikin film enggak ada reshuffle kabinet ya kata pak presiden karena tim kabinet kerja dengan baik,40,36,1,1,0,2,14,2,2026-06-25 17:04:59
1933137960607867379,,Gaduh Kocok Ulang Kabinet Prabowo: Tak Ada Reshuffle Menteri Saya Bekerja dengan Baik! https://t.co/XjDpssfx1O,gaduh kocok ulang kabinet prabowo tak ada reshuffle menteri kerja baik,14,11,1,0,0,2,0,1,2026-06-25 17:04:59
1933134989459362004,,@geloraco Naga²nya Judi Arie dah slamat. So... Dia bs dgn aman nyaman dan tentram duduk di Kabinet pak @prabowo. Palagi klo bs memenuhi target 80rb pembentukan Kop Merah Putih dlm waktu sesingkat²ny. Mari kt tanya ke @Gerindra https://t.co/v17OiiDd0V,naga nya judi arie deh selamat sok bisa dengan aman nyaman tenteram duduk kabinet pak palagi kalo bisa penuh target ribu bentuk kop merah putih dalam singkat ny roti kita tanya,38,29,1,3,0,5,12,4,2026-06-25 17:04:59
1933134239450738903,,Presiden Prabowo Subianto menegaskan hingga kini dirinya tak berencana melakukan reshuffle atau perombakan kabinet Indonesia Maju. Prabowo menilai para menterinya bekerja semakin baik. #liputan6dotcom #Lip6driz https://t.co/tpiQy1LMss,presiden prabowo subianto tegas hingga kini diri tak rencana laku reshuffle ombak kabinet indonesia maju prabowo nilai menteri kerja makin baik,26,21,1,0,2,2,1,8,2026-06-25 17:04:59
1933132112455987497,,PDI-P melihat isu reshuffle kabinet mengemuka karena desakan publik terhadap para menteri untuk lebih serius membantu Presiden Prabowo. #Polhuk #Kompas60 https://t.co/9WACAQ4qSl,pdip lihat isu reshuffle kabinet muka desa publik hadap menteri serius bantu presiden prabowo,21,14,1,0,2,4,0,5,2026-06-25 17:04:59
1933132077542625564,,PDI-P melihat isu reshuffle kabinet mengemuka karena desakan publik terhadap para menteri untuk lebih serius membantu Presiden Prabowo. #Polhuk #Kompas60 https://t.co/DncwxcuexW,pdip lihat isu reshuffle kabinet muka desa publik hadap menteri serius bantu presiden prabowo,21,14,1,0,2,4,0,5,2026-06-25 17:04:59
1933129195942723877,,@Ary_PrasKe2 @Anak__Ogi @AntoniusCDN @becak50 @BiLLRaY2019 @ferdinand_mpu @jhonsitorus_19 @NgkongRoses @NyaiNeneng @RickyKardjono @newIding30 Saya Dari Jawa sangat menyayangkan kelakuan Mulyono dan keluarga semoga pak @prabowo cepat reshuffle kabinet dan jajarannya yang hanya mementingkan kantong pribadi dan kelompoknya dulu sudah sangat mahal harga Aceh yang harus dibayar,jawa sayang laku mulyono keluarga moga pak cepat reshuffle kabinet jajar penting kantong pribadi kelompok dahulu mahal harga aceh harus bayar,44,21,0,12,0,11,1,7,2026-06-25 17:05:00
1933127983835009096,,@prabowo Wahai Bapak Presiden @prabowo kok itu pejabat titipan @jokowi ngak dibersihkan dari Kabinet anda...? Apakah anda @prabowo bersama @jokowi dan @titokarnavian_ juga ikut terlibat. Buat apa Gugat ke PT.UN kenapa presiden tidak mengintruksikan Pencabutan Putusan Kemendagri...?? https://t.co/8VINNsNzfH,wahai bapak presiden kok jabat titip enggak bersih kabinet apakah sama ikut libat buat gugat ptun kenapa presiden tidak mengintruksikan cabut putus kemendagri,38,23,1,6,0,8,1,7,2026-06-25 17:05:00
1933124612378001820,,@msaid_didu @YouTube MANUSIA INI MACAM MASIH JADI MENTRI SAJA DI KABINET PAK PRABOWO DIA MEWAKILI AOA NGOMONG SEOERTI INI ??? https://t.co/Oe0NpWrBml,manusia macam masih jadi tri kabinet pak prabowo wakil aoa omong seoerti,21,12,1,2,0,5,1,3,2026-06-25 17:05:00
1933121318884671496,,Perseteruan Budi Arie dan Budi Gunawan Soal Judol Buat Kabinet tidak Kondusif Presiden Prabowo Subianto kembali melontarkan ancaman kepada anak buahnya untuk tidak main-main dalam bekerja. Dalam pidatonya di Hari Hari Lahir Pancasila 2 Juni lalu dia berseru pejabat yang tidak https://t.co/RYHaWjvRb8,seteru budi arie budi gunawan soal judol buat kabinet tidak kondusif presiden prabowo subianto kembali lontar ancam kepada anak buah tidak mainmain kerja pidato hari hari lahir pancasila juni seru jabat tidak,42,32,1,0,0,8,0,8,2026-06-25 17:05:01
1933121003783422177,,Prabowo Bantah Isu Reshuffle Kabinet: Tidak Ada Rencana https://t.co/B2fsRGov2E https://t.co/rX8cZ5WsC2,prabowo bantah isu reshuffle kabinet tidak ada rencana,10,8,2,0,0,0,0,0,2026-06-25 17:05:01
1933118327968375014,,https://t.co/pujGBGfB6D Presiden Prabowo Subianto menegaskan belum ada rencana untuk melakukan reshuffle kabinet dalam waktu dekat.,presiden prabowo subianto tegas belum ada rencana laku reshuffle kabinet dekat,15,11,1,0,0,3,0,2,2026-06-25 17:05:01
1933117411324272899,,Kata Prabowo Soal Reshuffle Kabinet: Tidak Ada https://t.co/dkuaER7lhX,kata prabowo soal reshuffle kabinet tidak ada,8,7,1,0,0,0,0,0,2026-06-25 17:05:01
1933113955934937321,,Prabowo: Saya tidak ada Rencana Mau Reshuffle Kabinet https://t.co/Q9dJxaQUzo,prabowo tidak ada rencana mau reshuffle kabinet,9,7,1,0,0,1,0,0,2026-06-25 17:05:01
1933113312440651941,,https://t.co/5zNDLrMvtq Presiden Prabowo Subianto menegaskan belum ada rencana untuk melakukan reshuffle kabinet dalam waktu dekat.,presiden prabowo subianto tegas belum ada rencana laku reshuffle kabinet dekat,15,11,1,0,0,3,0,2,2026-06-25 17:05:01
1933112526432297025,,Presiden Prabowo Tegaskan Tak Ada Rencana Reshuffle Kabinet: Menteri Saya Bekerja dengan Baik https://t.co/kOXX9X7qWg #PrabowoSubianto #KabinetPrabowo #TidakAdaReshuffle #MenteriBekerjaBaik #KinerjaKabinet #DemokrasiIndonesia #SoliditasKabinet #bitvonline,presiden prabowo tegas tak ada rencana reshuffle kabinet menteri kerja baik,22,11,1,0,8,2,0,2,2026-06-25 17:05:01
1933110471818981404,,@ArtaN7707 @prabowo Termasuk yang ada di kabinet pak presiden Kalau sudah di baca segera di pecat jangan omon saja https://t.co/DyyM9Kn8EC,masuk ada kabinet pak presiden baca segera pecat jangan omon,20,10,1,2,0,7,0,1,2026-06-25 17:05:01
1933103518988095668,,@susipudjiastuti Kabinet nya prabowo ga bisa dipercaya bu..,kabinet prabowo enggak bisa percaya bu,8,6,0,1,0,1,1,1,2026-06-25 17:05:02
1933100902799544723,,@susipudjiastuti @prabowo para-para anak buah mulyono tuh punya HIDDEN AGENDA apa ya? kok dari awal selalu bikin ricuh kabinet?,parapara anak buah mulyono tuh punya hidden agenda ya kok awal selalu bikin ricuh kabinet,19,15,0,2,0,2,0,0,2026-06-25 17:05:02
1933096520548753813,,@Aceh Tito membuat gaduh di kabinet Prabowo pecat Tito dan kembalikan empat ke Aceh.,tito buat gaduh kabinet prabowo pecat tito kembali empat aceh,14,10,0,1,0,3,0,2,2026-06-25 17:05:02
1933094686257979430,,Kabinet terpecah Satu group ikut Pak Prabowo Satu group jadi menterinya Mulyono. Tegas mereka katakan siapa boss mereka. Group ini sejak pemerintahan baru bergulir selalu bikin onar dan kekacauan Prabowo terlihat kewalahan meladeni kelincahan group ini https://t.co/XbkDEYRQbg,kabinet pecah satu group ikut pak prabowo satu group jadi menteri mulyono tegas kata bos group sejak perintah baru gulir selalu bikin onar kacau prabowo lihat kewalahan laden lincah group,37,30,1,0,0,6,1,9,2026-06-25 17:05:02
1933089627864469536,,@RadioElshinta Melihat Prabowo dan para menteri Kabinet Merah Putih bersama-sama di ICI memberi saya harapan yang nyata. Infrastruktur bukan hanya tentang beton ini tentang pekerjaan martabat dan menjadikan Indonesia sebagai pusat kekuatan regional.,lihat prabowo menteri kabinet merah putih bersamasama ici beri harap nyata infrastruktur bukan tentang beton tentang kerja martabat jadi indonesia bagai pusat kuat regional,33,24,0,1,0,8,1,6,2026-06-25 17:05:03
1933089317536379046,,Presiden Prabowo Subianto beserta beberapa Menteri kabinet Merah Putih hadiri puncak acara International Conference on Infrastructure (ICI) di JCC Senayan Jakarta Kamis (12/6) sore. Awm #BeritaElshinta https://t.co/28pH4uMnpI,presiden prabowo subianto serta beberapa menteri kabinet merah putih hadir puncak acara international conference ons infrastructure ici jcc senayan jakarta kamis sore awm,27,23,1,0,1,1,1,2,2026-06-25 17:05:03
1933088635739660361,,Pak Presiden @prabowo kenapa masih diberikan Ruang kpd org seperti ini di KABINET Bapak ?? Pecat aja Pak Krn akan menjadi parasit dan membuat situasi kurang kondusif bahkan bisa terjadi perang Saudara ,pak presiden kenapa masih beri ruang kepada orang seperti kabinet bapak pecat saja pak karena jadi parasit buat situasi kurang kondusif bahkan bisa jadi perang saudara,32,26,0,1,0,4,4,4,2026-06-25 17:05:03
1933087992048157025,,@xquitavee @prabowo @gibran_tweet 02 malah di kabinet semua kurang apa lagi,malah kabinet semua kurang lagi,11,5,0,3,0,2,0,0,2026-06-25 17:05:03
1933086874915975282,,Presiden Prabowo Tegaskan Keberhasilan Bangsa Ditentukan oleh Kekuatan Sistem Hukum https://t.co/o27hh0fj64,presiden prabowo tegas hasil bangsa tentu kuat sistem hukum,11,9,1,0,0,1,0,4,2026-06-25 17:05:03
1933083481229373455,,Presiden Prabowo Subianto meresmikan kampus Bhinneka Tunggal Ika Unhan di Sentul Jabar. Peresmian kampus baru Unhan tersebut juga dihadiri oleh Presiden ke-6 RI Susilo Bambang Yudhoyono Menteri Pertahanan Pakistan serta sejumlah menteri dari Kabinet Merah Putih. https://t.co/qNQPe8HVUZ,presiden prabowo subianto resmi kampus bhinneka tunggal ika unhan sentul jabar resmi kampus baru unhan hadir presiden ri susilo bambang yudhoyono menteri tahan pakistan serta jumlah menteri kabinet merah putih,37,30,1,0,0,6,0,5,2026-06-25 17:05:04
1933081982503887202,,sebanyak 15 menteri dan 3 wakil menteri kabinet pemerintah presiden prabowo hadir dalam #ICI2025 konferensi inipun memamerkan proyek-proyek infrastruktur yang mencakup ketahanan pangan hingga energi terbarukan yg telah melalui proses kurasi https://t.co/27iVeJPC0A,banyak menteri wakil menteri kabinet perintah presiden prabowo hadir konferensi ini pamer proyekproyek infrastruktur cakup tahan pangan hingga energi baru yang lalu proses kuras,32,24,1,0,1,4,1,9,2026-06-25 17:05:04
1933081424313397559,,Dalam rangka memperkuat Kolaborasi dan Akselerasi Asta Cita ke-7 Presiden Prabowo Subianto dan Kabinet Merah Putih Kepala BNN Kota Jakarta Selatan (Kombes Pol. Bambang Yudistira S.Sos. https://t.co/vXtU35SBsg)..,rengga kuat kolaborasi akselerasi asta cita presiden prabowo subianto kabinet merah putih kepala bnn kota jakarta selatan kombes pul bambang yudistira ssos,27,22,1,0,0,4,2,1,2026-06-25 17:05:05
1933079326221570133,,Presiden Prabowo Umumkan Kenaikan Gaji Hakim 280 Persen https://t.co/IflBLGuDi7,presiden prabowo umum naik gaji hakim persen,9,7,1,0,0,0,0,2,2026-06-25 17:05:05
1933074531075395871,,@geloraco Wajib di pecat Dan juga momen bagus untuk versi versi di kabinet Bapak @prabowo,wajib pecat momen bagus versi versi kabinet bapak,15,8,0,2,0,5,0,0,2026-06-25 17:05:05
1933073382540742793,,PDIP Masuk Kabinet Prabowo Oposisi atau Koalisi? Presiden Prabowo Subianto kembali melontarkan ancaman kepada anak buahnya untuk tidak main-main dalam bekerja. Dalam pidatonya di Hari Hari Lahir Pancasila 2 Juni lalu dia berseru pejabat yang tidak mampu bekerja lebih baik https://t.co/T3kFFxNlAd,pdip masuk kabinet prabowo oposisi koalisi presiden prabowo subianto kembali lontar ancam kepada anak buah tidak mainmain kerja pidato hari hari lahir pancasila juni seru jabat tidak mampu kerja baik,41,30,1,0,0,9,0,8,2026-06-25 17:05:05
1933067154649473500,,Presiden Prabowo Hadiri Pengukuhan 1.451 Hakim Mahkamah Agung https://t.co/MNCHDElNdC,presiden prabowo hadir kukuh hakim mahkamah gung,9,7,1,0,0,0,1,2,2026-06-25 17:05:05
1933067061317841389,,@prabowo Pk presiden yth..kapan sih melaku kan Risafel kabinet nya..,pakai presiden ythkapan sih laku kan risafel kabinet,10,8,0,1,0,1,1,1,2026-06-25 17:05:06
1933054326416814546,,@OposisiCerdas Yth pak @prabowo tlg d batalkan secepatnya apa bapak ingin liat aceh angkat senjata lg mempertahankan pulaunya ? Secepatnya d cabut dan pecat mendagri dan geng solo d kabinet bapak hanya bikin ricuh adu domba ala pki kapan negara ini tenangnya pak? Ingat aceh 2x pilpres pilh bpk.,yth pak tolong ada batal cepat bapak ingin lihat aceh angkat senjata lagi tahan pulau cepat ada cabut pecat mendagri geng solo ada kabinet bapak bikin ricuh radu domba ala pki negara tenang pak ingat aceh kali pilpres pilh bpk,49,40,0,2,0,6,8,6,2026-06-25 17:05:06
1933050806556930410,,Turunkan Bahlil Bahlul dari kabinet Prabowo #JokowiMenujuKaram #JokowiMenujuKaram https://t.co/qjQrC9yQ9V,turun bahlil bahlul kabinet prabowo,9,5,1,0,2,1,0,1,2026-06-25 17:05:06
1933033180724125940,,Jadi yg bener ramalan yang mana Pak @prabowo? Indonesia bubar di tahun 2030 atau Ekonomi Indonesia masuk 5 besar dunia ini? Bapak kok cuek aja ya dapat masukan dari rakyat agar bersih-bersih kabinet dari para anteknya @jokowi?,jadi yang benar ramal mana pak indonesia bubar tahun ekonomi indonesia masuk besar dunia bapak kok cuek saja ya dapat masuk rakyat bersihbersih kabinet antek,37,25,0,2,0,8,3,3,2026-06-25 17:05:06
1933031804308787349,,@toe_giman @prabowo gmn neh katanya musuhnya asimg tapi kabinet anda jadi musuh rakyat terus geregetan bgt pak lihatnya pidato bapak galak2 tp ngurus kabinet cuma puluhan orang aja ga beres,bagaimana nih kata musuh asimg tetapi kabinet jadi musuh rakyat terus gereget banget pak lihat pidato bapak galak tapi urus kabinet cuma puluh orang saja enggak beres,30,27,0,2,0,1,8,6,2026-06-25 17:05:07
1933027423479869767,,@Aceh Pak @prabowo dan @Gerindra yth terlalu bnyk parasit+ benalu d kabinet bpk yg kerjanya cm jd beban dan membenturkan bpk dgn rakyat. Sdh waktunya bpk bersihkan smua antek² @jokowi biar apapun kbijakan yg bpk ambil bs berjalan.,pak yth terlalu banyak parasit benalu ada kabinet bpk yang kerja cuma jadi beban bentur bpk dengan rakyat sudah waktu bpk sih semua antek biar apa kbijakan yang bpk ambil bisa jalan,38,32,0,4,0,2,10,7,2026-06-25 17:05:07
1933023396805386618,,@Gerindra @prabowo selama orang2 titip si nabi baru masih ada di kabinet sulit,orang titip sih nabi baru masih ada kabinet sulit,13,9,0,2,0,2,1,0,2026-06-25 17:05:07
1933019893689196827,,@Lala1999839920 @KompasTV @prabowo Benar juga bila melihat ke kabinet yg dibawahinya masih bercokol orang² Mulyono. Dan Prabowo tak bisa membersihkan itu setidaknya sedikit berharap bisa membalikan keadaan cuitan saya cuma mengsuport saja.Pesimis jg pemerintahan sekarang bisa benar² bersih dari orang² masa lalu.,benar lihat kabinet yang bawah masih cokol orang mulyono prabowo tak bisa bersih tidak sedikit harap bisa balik ada cuit cuma mengsuport sajapesimis juga perintah sekarang bisa benar bersih orang masa,42,31,0,3,0,8,2,13,2026-06-25 17:05:08
1933018694571209129,,@sugondese6666 Imo orang ini adalah menteri paling merusak di kabinet Prabowo. Udh ga kehitung ada berapa banyak penyataan dan perintahnya yg ngawur yg bikin banyak pihak marah dan dirugikan.,imo orang menteri rusak kabinet prabowo sudah enggak hitung ada berapa banyak nyata perintah yang ngawur yang bikin banyak pihak marah rugi,29,22,0,1,0,6,4,5,2026-06-25 17:05:08
1933014808653373920,,@kompascom Selagi antek2 Jokowi masih dalam kabinet sama saja pak Prabowo pelihara tikus dalam rumah Indonesia sulit maju,lagi antek jokowi masih kabinet sama pak prabowo pelihara tikus rumah indonesia sulit maju,18,14,0,1,0,3,1,0,2026-06-25 17:05:08
1933014329697448236,,@kompascom Kenapa gak ada satupun menteri yg bener yah di kabinet ini?? Isinya blunder semua.. kok bisa Prabowo membiarkan hal2 spt ini terjadi,kenapa enggak ada satu menteri yang benar ya kabinet isi blunder semua kok bisa prabowo biar hal seperti jadi,23,19,0,1,0,3,5,4,2026-06-25 17:05:08
1933003914833768464,,@kompascom Dgn kabinet seperti ini yg asal dimasukkan sj pak @prabowo kok yakin amat sih? Pertumbuhan ekonomi kita Cuba 5%. Kabar terbarunya turun jd 4 7%. Omon omon pasti ada lg pihak ading yg gak senang Indonesia kuat. ,dengan kabinet seperti yang asal masuk saja pak kok yakin amat sih tumbuh ekonomi cuba kabar baru turun jadi omon omon pasti ada lagi pihak ading yang enggak senang indonesia kuat,38,31,0,2,0,2,7,3,2026-06-25 17:05:09
1933000641590493570,,Seperti nya AGUSTUS ini pak @prabowo akan memberi KADO ke warga negara Indonesia YAITU RESHUFLE KABINET BESAR BESARAN ! atau malah lebih dari itu ganti wapres ,seperti agustus pak beri kado warga negara indonesia yaitu reshufle kabinet besar besar malah ganti wapres,26,16,0,1,0,8,0,2,2026-06-25 17:05:09
1933000328649322560,,Tito memicu desintegrasi bangsa. Layak di panggil bpk desintregrasi bansa.... Bahlil dan tito layak dipecat dari kabinet prabowo https://t.co/5T9IAjIkKY,tito picu desintegrasi bangsa layak panggil bpk desintregrasi bansa bahlil tito layak pecat kabinet prabowo,19,15,1,0,0,3,0,2,2026-06-25 17:05:09
1932996528655749290,,International Conference on Infrastructure (ICI) hari kedua digelar di JCC senayan Jakarta Presiden Prabowo Subianto hingga beberapa Menteri Kabinet Merah Putih dijadwalkan hadir pada puncak acara Kamis (12/06). Awm #BeritaElshinta https://t.co/nx59xScUiJ,international conference ons infrastructure ici hari dua gelar jcc senayan jakarta presiden prabowo subianto hingga beberapa menteri kabinet merah putih jadwal hadir puncak acara kamis awm,31,26,1,0,1,2,1,3,2026-06-25 17:05:10
1932995307820011979,,@kompascom @Gerindra @prabowo Bosan gw dengan narasi kita ini bangsa yang besar efesiensi anggaran tapi kabinet loe gemuk segede gaban. Loe bagi bagi rolex bikin gw miris iya gw tau itu duit loe gw bahkan liat anak gw sepatu nya jebol belum bisa beliin. Bangsat lah kalian para pejabat,bosan gue narasi bangsa besar efesiensi anggar tetapi kabinet lo gemuk gede gaban lo bagi bagi rolex bikin gue tiris iya gue daun duit lo gue bahkan lihat anak gue sepatu jebol belum bisa beli bangsat kalian jabat,49,38,0,3,0,8,13,4,2026-06-25 17:05:10
1932994563217764832,,@kompascom Pak Prabowo kalo di podium! Sangar kita akan memberantas korupsi BLA blaaa ketemu Budi Arie di rapat kabinet. Biasa aja! Beliau di podium hanya meyakinkan menyenangka pendukungnya tidak menyelesaikan masalah! Habis itu ganti topik lain! Bangs ini bangsa yg besar!solusi nya mana?,pak prabowo kalau podium sangar berantas korupsi bla blaaa ketemu budi arie rapat kabinet biasa saja beliau podium yakin nangka dukung tidak selesai masalah habis ganti topik lain bangs bangsa yang besarsolusi mana,43,33,0,1,0,9,3,5,2026-06-25 17:05:11
1932992716595737005,,Reshuffle kabinet agaknya mau tidak mau harus dilakukan presiden @prabowo utk anggota kabinetnya yang tidak bisa bekerja. Sebagai pendukung beliau yg tidak mau kehilangan nalar kadangkala hrs jujur jika anggota kabinet ada yang tidak bisa bekerja Mentri yang memusuhi dan https://t.co/YlKNsH8f52,reshuffle kabinet agak mau tidak mau harus laku presiden untuk anggota kabinet tidak bisa kerja bagai dukung beliau yang tidak mau hilang nalar kadangkala harus jujur anggota kabinet ada tidak bisa kerja tri musuh,41,34,1,1,0,5,4,9,2026-06-25 17:05:11
1932988990774444040,, Setelah pertemuan Mega Prabowo 2 Juni lalu disusul pertemuan tim Prabowo Mega kita bs sinopsiskan bhw rentetan peristiwa itu ada tujuannya Untuk membujuk Mega masuk kabinet atau utk pemakzulan Gibran (RG) 8/6/2025: https://t.co/kplMqI9O0v via @tribunnews #JokowiMenujuKaram https://t.co/8qv9iAjcti,temu mega prabowo juni susul temu tim prabowo mega bisa sinopsis bahwa rentet peristiwa ada tuju bujuk mega masuk kabinet untuk makzul gibran rg via,37,25,2,1,1,6,3,8,2026-06-25 17:05:11
1932986210143600799,,Amien Rais: Singkirkan Menteri Loyalis Jokowi dari Kabinet Prabowo! https://t.co/2MhgdeDU1p,amin rais singkir menteri loyalis jokowi kabinet prabowo,10,8,1,0,0,1,1,1,2026-06-25 17:05:12
1932985303566070146,,@CNNIndonesia Menteri paling berbahaya dlm kabinet Prabowo. Potensi pecah belah bangsa bisa terjadi hanya karena dajjal parcok ini.,menteri bahaya dalam kabinet prabowo potensi pecah belah bangsa bisa jadi dajjal parcok,18,13,0,1,0,4,1,2,2026-06-25 17:05:12
1932984521810719056,,@zoelfick @prabowo Selama dalam kabinet prabowo Ada nama zulhas tito luhut srimulyani.. negeri ini tidak akan benar arahnya malah bisa jadi bubar.,kabinet prabowo ada nama zulhas tito luhut srimulyani negeri tidak benar arah malah bisa jadi bubar,22,16,0,2,0,4,0,1,2026-06-25 17:05:12
1932980925341573192,,2 Artis Terkaya di Kabinet Prabowo Ada yang Punya Harta Triliunan Rupiah https://t.co/j6IBno3TXu,artis kaya kabinet prabowo ada punya harta triliun rupiah,13,9,1,0,0,2,0,2,2026-06-25 17:05:13
1932979419947426294,,@tempodotco Rombak aja kabinet asalkan budi Arie dan raja juli harus ada di situ kalau Projo dan PSI sampai ilang ntar di buka kartu Prabowo dari sejak proyek food estate sampai duit judol bisa bahaya itu menyangkut dana kampanye lo,rombak saja kabinet asal budi arie raja juli harus ada situ projo psi sampai hilang entar buka kartu prabowo sejak proyek food estate sampai duit judol bisa bahaya sangkut dana kampanye lo,40,32,0,1,0,7,3,2,2026-06-25 17:05:13
1932978065912774980,,@Fahrihamzah Aceh itu dah tentram dan damai kenapa harus diganggu ganggu lagi pak Prabowo hrs membatalkan pemindahan pulau tsb ganti orang orang Jokowi di kabinet,aceh deh tenteram damai kenapa harus ganggu ganggu lagi pak prabowo harus batal pindah pulau sebut ganti orang orang jokowi kabinet,25,21,0,1,0,3,4,4,2026-06-25 17:05:13
1932975188251164692,,Indonesia bisa BUBAR seperti UNI SOVIET jika GENK SOLO masih diberi kekuasaan utk MENCAPLOK Pulau² &amp; aneka tambang sesukanya! Presiden Prabowo harus bersikap TEGAS TERHADAP GENK SOLO &amp; KRONI²NYA! Segera RESHUFFLE KABINET Singkirkan semua orang² Mulyono Si Raja Tipu. https://t.co/0OAxx7HU1H,indonesia bisa bubar seperti uni soviet genk solo masih beri kuasa untuk caplok pulau amp aneka tambang suka presiden prabowo harus sikap tegas hadap genk solo amp kroni nya segera reshuffle kabinet singkir semua orang mulyono sih raja tipu,40,38,1,0,0,1,2,10,2026-06-25 17:05:13
1932974964275388447,,Dalam rapat terbatas bersama Presiden Prabowo Sekretaris Kabinet Teddy Indra Wijaya menegaskan pentingnya akselerasi lintas kementerian demi mewujudkan target nasional bebas sampah sebelum 2029. https://t.co/NkzkdclbYt,rapat batas sama presiden prabowo sekretaris kabinet teddy indra wijaya tegas penting akselerasi lintas menteri demi wujud target nasional bebas sampah,25,21,1,0,0,2,0,6,2026-06-25 17:05:14
1932973535775109374,,@AirinDatangLagi Salah satu orang berbahaya di kabinet Prabowo... Nyawa 500an orang lebih hilang nggak berarti apa apa sama dia.BENGIS... 11 12 dgn boss lama nya...,salah satu orang bahaya kabinet prabowo nyawa an orang hilang enggak arti sama diabengis dengan bos lama,25,17,0,1,0,5,3,2,2026-06-25 17:05:14
1932972981611081975,,Teddy Indra Wijaya Sekretaris Kabinet RI terlihat aktif mendampingi Presiden Prabowo dalam kunjungan kehormatan PM Australia Anthony Albanese. https://t.co/GcEkAkKSDj,teddy indra wijaya sekretaris kabinet ri lihat aktif damping presiden prabowo kunjung hormat pm australia anthony albanese,19,17,1,0,0,1,0,4,2026-06-25 17:05:14
1932965746931634514,,Presiden Prabowo: Keberhasilan Bangsa Ditentukan oleh Pendidikan https://t.co/gXJTQMWXJW,presiden prabowo hasil bangsa tentu didik,8,6,1,0,0,1,0,3,2026-06-25 17:05:15
1932965334639915336,,@siregar_najeges Lagi lagi G3NG OSLO buat kegaduhan di negeri ini ... ayo Pak @prabowo .. bersihkan kabinet mu dari geng oslo,lagi lagi gng oslo buat gaduh negeri ayo pak sih kabinet mu geng oslo,21,14,0,2,0,3,0,2,2026-06-25 17:05:15
1932964775623111163,,@Gerindra @prabowo Urus Tito dan Orang2 Jokowi disekitaran kabinet aja dulu... Buat rusuh kinerja Presiden soalnya... Jangan samphe ACEH Bergejolak lagi...,urus tito orang jokowi sekitar kabinet saja dahulu buat rusuh kerja presiden soal jangan samphe aceh gejolak lagi,21,18,0,2,0,1,2,4,2026-06-25 17:05:15
1932963483970404377,,@democrazymedia Sepanjang titipan orang2 jokowi msh dikabinet pa prabowo mereka pasti akan menjalankan agenda2 yg akan menjatuhkan nama prabowo dimata rakyat...waspadalah waspadalah dgn geng solo..adili jokowi n makzulkan gibran..baru kabinet prabowo kompak,panjang titip orang jokowi masih kabinet apa prabowo pasti jalan agenda yang jatuh nama prabowo mata rakyatwaspadalah waspada dengan geng soloadili jokowi makzul gibranbaru kabinet prabowo kompak,32,27,0,1,0,3,4,8,2026-06-25 17:05:16
1932961963963003171,,@Gerindra @prabowo Ulah Tito sikat aja dari kabinet https://t.co/CCCMDwcaLR,ulah tito sikat saja kabinet,9,5,1,2,0,1,1,0,2026-06-25 17:05:16
1932955772457206179,,@geloraco Prabowo Segera Reshuffle Kabinet Gemuknya Yg Didalamnya Terdapat Manusia2 Tdk Produktif ; Moral Rusak Nasionalis Rendah Tdk Punya Kapasitas &amp; Kapabilitas Jika Prabowo Ingin Selamat Sampai Akhir Jabatan. Si Wapres Jgn Lupa Di Dalam Sbg Benalu Segera Di Basmi.,prabowo segera reshuffle kabinet gemuk yang dalam dapat manusia tidak produktif moral rusak nasionalis rendah tidak punya kapasitas amp kapabilitas prabowo ingin selamat sampai akhir jabat sih wapres jangan lupa bagai benalu segera basmi,40,34,0,1,0,4,6,5,2026-06-25 17:05:16
1932954699449462961,,@prabowo @SBYudhoyono pak @prabowo . pecat @luhut_binsar dan @bahlillahadalia dan @titokarnavian_ dri kabinet bapak. krn ini tangan kanan @jokowi pak. jak masih ada org2 ini. negara indonesia tdk akan maju. apalagi tito sudah bikin rakyat Aceh marah krn pulau2 aceh. terima kasih,pak pecat dari kabinet bapak karena tangan kanan pak jak masih ada orang negara indonesia tidak maju apalagi tito bikin rakyat aceh marah karena pulau aceh terima kasih,42,28,0,7,0,6,5,0,2026-06-25 17:05:16
1932953532313002085,,@susipudjiastuti Si @bahlillahadalia sudah seharusnya dicopot @prabowo dari kabinet. Bila perlu menteri2 rekomendasi @jokowi harus berani anda dicopot Wo.,sih harus copot kabinet perlu menteri rekomendasi harus berani copot wo,19,11,0,4,0,4,1,3,2026-06-25 17:05:16
1932948895799390275,,@msaid_didu Pecattito pecatgengsolo semua kegaduhan di kabinet Prabowo pasti pelakunya Geng solo,pecattito pecatgengsolo semua gaduh kabinet prabowo pasti laku geng solo,12,10,0,1,0,1,0,2,2026-06-25 17:05:17
1932948473311342831,,@geloraco Ini orang yg berbahaya di kabinet Prabowo,orang yang bahaya kabinet prabowo,8,5,0,1,0,2,1,1,2026-06-25 17:05:17
1932945921106719164,,@msaid_didu Polusi indo gk mungkin nangkap Geng solo si pembuat gaduh kabinet prabowo,polusi indonesia enggak mungkin nangkap geng solo sih buat gaduh kabinet prabowo,13,12,0,1,0,0,3,1,2026-06-25 17:05:17
1932943570987819315,,@Nicho_Silalahi Pecatito pecatgengsolo selalu buat gaduh kabinet prabowo,pecatito pecatgengsolo selalu buat gaduh kabinet prabowo,8,7,0,1,0,0,0,0,2026-06-25 17:05:17
1932942366232793210,,@jhonsitorus_19 Pecat semua Geng solo semua yg buat gaduh di kabinet p.prabowo pasti Geng solo sepertinya di setting begitu,pecat semua geng solo semua yang buat gaduh kabinet pprabowo pasti geng solo seperti setting,19,15,0,1,0,3,1,1,2026-06-25 17:05:18
1932941567826014646,,@msaid_didu Kalau kita cermati di kabinet p.prabowo ini geng solo selalu buat kegaduhan apa memang disetting begitu mulai dr bahlil tito sirait bud I gunadi luhut trenggono dll,cermat kabinet pprabowo geng solo selalu buat gaduh memang disetting mulai dari bahlil tito sirait bud gunadi luhut trenggono dll,28,20,0,1,0,6,1,2,2026-06-25 17:05:18
1932938228035957045,,@geloraco Semua kegaduhan di kabinet p.prabowo pasti dilakukan geng solo apa ada agenda lain supaya pemerintahan p.prabowo gk stabil dan diganti geng solo kembali,semua gaduh kabinet pprabowo pasti laku geng solo ada agenda lain perintah pprabowo enggak stabil ganti geng solo kembali,24,19,0,1,0,4,1,4,2026-06-25 17:05:19
1932937467331772824,,@prabowo hati hati pak musuh bapak itu kabinet bapak sendiri ayo segera resufhel kabinetnya,hati hati pak musuh bapak kabinet bapak sendiri ayo segera resufhel kabinet,14,12,0,1,0,1,0,1,2026-06-25 17:05:19
1932936953768653068,,@SenopatiDiAnno @prabowo Semua titipan jokuwi di kabinet p.prabowo buat gaduh negara apa memang disetting begitu oleh tuannya,semua titip jokuwi kabinet pprabowo buat gaduh negara memang disetting tuan,17,11,0,2,0,4,0,2,2026-06-25 17:05:19
1932933426447073321,,@KompasTV Tetap yang memberi jalan adalah orang² bapak Presiden @prabowo sendiri jika tidak segera di bersihkan kabinet bapak dari orang² pak @jokowi. Merekalah sebenarnya yang memberi jalan dan merusak segala Tatanan yg ada.,tetap beri jalan orang bapak presiden sendiri tidak segera sih kabinet bapak orang pak mereka benar beri jalan rusak segala tatanan yang ada,33,23,0,3,0,7,1,8,2026-06-25 17:05:19
1932932694788514220,,Presiden @prabowo semoga tetap sehat dan tetap waspada krn dilingkaran bapak sgt banyak potensi membahayakan spt diingatkan Ibu Mega. Antek2 si rakus dan tamak kekuasaan mengintai anda. Segera rombak kabinet singkirkan mereka al kapolri mendagri pratikno menkes dan KKP.,presiden moga tetap sehat tetap waspada karena lingkar bapak sangat banyak potensi bahaya seperti ingat ibu mega antek sih rakus tamak kuasa intai segera rombak kabinet singkir al kapolri mendagri pratikno menkes kkp,39,33,0,1,0,5,4,7,2026-06-25 17:05:20
1932927354617409684,,@STresnowati1 @prabowo @DPR_RI Di kabinet ini kok banyak bgt mentri2 GBLK..,kabinet kok banyak banget tri gblk,11,6,0,3,0,2,1,1,2026-06-25 17:05:20
1932921983366476087,,@STresnowati1 @prabowo @DPR_RI Saya berharap @prabowo sbg presiden bs tegas kpd org²nya jokowi. Jgn beri ruang di negara ini. Gerak mrk semakin membahayakan keutuhan bangsa ini. Semoga tito budi arie bahlil dan yg lain sgr di singkirkan dr kabinet. Ganti dg org² yg punya kapasitas dan kwalitas.,harap bagai presiden bisa tegas kepada org nya jokowi jangan beri ruang negara gerak mereka makin bahaya utuh bangsa moga tito budi arie bahlil yang lain sgr singkir dari kabinet ganti dengan org yang punya kapasitas kwalitas,47,36,0,4,0,7,10,8,2026-06-25 17:05:21
1932916651001065798,,@geloraco Benahi sj kabinet skr yg msh diisi o/ org2 nya jkw anggaran skr pun digerogoti bak penjajah menghisap kekayaan negri sj demi keuntungan pribadi &amp; kelompoknya. Gak usah jauh2 bandingin dg penjajah Belanda skr ini korupsi sdh mendarah daging di semua sektor @prabowo @KPK_RI,benah saja kabinet sekarang yang masih isi orang jkw anggar sekarang gerogot bak jajah menghisap kaya negeri saja demi untung pribadi amp kelompok enggak usah jauh banding dengan jajah belanda sekarang korupsi sudah darah daging semua sektor,45,37,0,3,0,4,13,11,2026-06-25 17:05:21
1932911489612198344,,@NenkMonica @FurqanIbr64677 Menteri dzolim sama spt bosnya! Membuat keputusan sepihak dan semena2. Dia tetap dimasukkan di posisi yg sama dlm kabinet Prabowo utk mengamankan agenda jokowi dan oligarki. Biadab kau Tito!,menteri dzolim sama seperti bos buat putus pihak semena tetap masuk posisi yang sama dalam kabinet prabowo untuk aman agenda jokowi oligarki biadab kau tito,31,25,0,2,0,4,4,6,2026-06-25 17:05:21
1932906773532582289,,@democrazymedia Sudah saya bilang kepada anda @prabowo singkirkan geng Solo dari kabinet anda. mereka duri dalam daging bagi Indonesia. mereka tak ada niat untuk menyejahterakan rakyat dan memajukan indonesia. mereka hanya memikirkan diri mereka sendiri. mereka rakus. sangat rakus.!!,bilang kepada singkir geng solo kabinet duri daging bagi indonesia tak ada niat sejahtera rakyat maju indonesia pikir diri sendiri rakus rakus,39,22,0,2,0,15,0,4,2026-06-25 17:05:21
1932902438669070440,,@geloraco Penjajahnya ada di kabinet turunannya jg ngjabat mantu ipar abang ade smua di dalem @prabowo berani lawan dinasti?,jajah ada kabinet turun juga ngjabat mantu ipar abang adek semua dalem berani lawan dinasti,19,15,0,2,0,2,3,2,2026-06-25 17:05:22
1932894193720144382,,@PngAdilnR4kyt Pecat @ListyoSigitP - Kapolri Antek-antek Jokowi... Dia ini Orang TITIPAN Si Raja Jawa Bangsat @jokowi. Selama Masih GENTAYANGAN Orang-orang Jokowi dlm KABINET @prabowo...jgn HARAP KORUPSI KONCOISME NEPOTISME MONOPOLI PREMANISME dll dll..Bisa di MUSNAHkan.. #2025JokowiGibranTamat https://t.co/yK3WfmvL55,pecat kapolri antekantek jokowi orang titip sih raja jawa bangsat masih gentayang orangorang jokowi dalam kabinet jangan harap korupsi koncoisme nepotisme monopoli preman dll dllbisa musnah,36,26,1,4,1,4,3,4,2026-06-25 17:05:22
1932890903477432358,,Perkataan Menaker lapangan kerja berlimpah terbantahkan Pengangguran yg berlimpah Kabinet @prabowo (/Mulyono) terbukti hanya menyebar issue tanpa karya nyata Jusuf Kalla: Perusahaan Saya Hanya Buka Lowongan untuk 20 Insinyur Tetapi yang Melamar 23 Ribu https://t.co/bUqCFMM6aI,kata menaker lapang kerja limpah bantah anggur yang limpah kabinet mulyono bukti sebar issue tanpa karya nyata jusuf kalla usaha buka lowong insinyur lamar ribu,35,25,1,1,0,6,1,11,2026-06-25 17:05:23
1932881292179484843,,@democrazymedia Geng solo sengaja buat situasi sana-sini memanas &amp; emosional ini agar @prabowo terserang stroke (jd berhalangan tetap) shgga samsul melenggang jd RI1.. tiati pak @prabowo buang sj lah sampah2 peradaban dr kabinet !,geng solo sengaja buat situasi sanasini panas amp emosional serang stroke jadi halang tetap shgga samsul lenggang jadi ri tiati pak buang saja sampah adab dari kabinet,34,27,0,3,0,3,4,5,2026-06-25 17:05:24
1932874432995078432,,Mentri titipan Jokowi di kabinet prabowo adalah PENGKHIANAT BANGSAT..PERUSAK NKRI..,tri titip jokowi kabinet prabowo khianat bangsatperusak nkri,10,8,0,0,0,2,0,3,2026-06-25 17:05:24
1932870922203234737,,@agisubagio @CNNIndonesia @prabowo Prabowo gak punya nyali ngebersihin anak buahnya Jokowi dari kabinet dia. Mentalnya ciut.,prabowo enggak punya nyali ngebersihin anak buah jokowi kabinet mental ciut,16,11,0,3,0,2,1,2,2026-06-25 17:05:24
1932870557797920834,,@CNNIndonesia Menteri kabinet merah putih nya @prabowo apa ada yang pinter? menantunya Jokowi juga ngeselin banget ya jadi gubernur. Sama kek bapak mertuanya.,menteri kabinet merah putih ada pintar menantu jokowi kesal banget ya jadi gubernur sama kayak bapak mertua,23,17,0,2,0,4,3,3,2026-06-25 17:05:24
1932865592362741799,,apa gak bisa tito ini di tendang keluar kabinet? ini orang dari zaman jokowi gak becus kenapa masih di pake untuk apa @prabowo koar koar indonesia emas kalau manusia underspek beginian masih di pake,enggak bisa tito tendang keluar kabinet orang zaman jokowi enggak becus kenapa masih pakai koar koar indonesia emas manusia underspek begini masih pakai,34,23,0,1,0,10,4,1,2026-06-25 17:05:25
1932861862548488383,,Pak @prabowo tolong bersihkan kabinet bapak sebelum menyesal.Sepertinya mereka main belakang untuk jatuhkan bapak lewat kebijakan yang tidak berfihak kepada bangsa ini !!..Bapak pernah bilang 2030 Indonesia bubar jangan-jangan tidak sampai 2030 !!..,pak tolong sih kabinet bapak menyesalsepertinya main belakang jatuh bapak lewat bijak tidak berfihak kepada bangsa bapak pernah bilang indonesia bubar janganjangan tidak sampai,33,24,0,1,0,5,0,3,2026-06-25 17:05:25
1932858989093794036,,@SenopatiDiAnno @prabowo Inilah alasan nya knp Mentri2 ex Jokowi masih (harus) berada di dalam kabinet Prabowo Untuk jaga2 jika suatu saat Prabowo berpaling dari Jokowi Mentri2 ini akan diperintahkan Jokowi untuk menciptakan ketidakstabilan politik dan ekonomi yang akan mengguncang rezim Prabowo,ini alas kenapa tri ex jokowi masih harus ada kabinet prabowo jaga prabowo paling jokowi tri perintah jokowi cipta ketidakstabilan politik ekonomi guncang rezim prabowo,41,25,0,2,0,14,1,9,2026-06-25 17:05:26
1932853529913512223,,@tempodotco Emang Prabowo berani merombak kabinet tanpa persetujuan geng oslo?,memang prabowo berani rombak kabinet tanpa tuju geng oslo,10,9,0,1,0,0,1,2,2026-06-25 17:05:26
1932845725072908488,,@124hmahHastuti1 @prabowo Nggk di gugat ke ptun aja udah kalah sama aturan di atasnya yth pak @prabowo gercep atau peka dikit dong terkait masalah ini... Klw ni org ggk mau ganti SK mendagrinya ganti mendagrinya... Biar berkurang polusi kabinet bapak,enggak gugat ptun saja sudah kalah sama atur atas yth pak gercep peka dikit dong kait masalah kalau ini orang ggk mau ganti suka mendagrinya ganti mendagrinya biar kurang polusi kabinet bapak,40,32,0,3,0,5,7,4,2026-06-25 17:05:26
1932831354145943727,,@Ary_PrasKe2 @Anak__Ogi @AntoniusCDN @becak50 @BiLLRaY2019 @jhonsitorus_19 @NgkongRoses @sami86pilang @RickyKardjono @newIding30 @NyaiNeneng @prabowo ini salah satu duri dalam kabinet anda.. Harus cepat dipecat menteri titipan mulyono ga ada bener cuma bikin rusuh bangsa ini.,salah satu duri kabinet harus cepat pecat menteri titip mulyono enggak ada benar cuma bikin rusuh bangsa,33,17,0,12,0,4,2,2,2026-06-25 17:05:26
1932829511340732529,,@geloraco Sejarah juga mencatat dari Aceh perlawanan nusantara dimulai @prabowo jangan sampai Aceh bergejolak lagi karena kinerja kabinet bayangan mantan.,sejarah catat aceh lawan nusantara mulai jangan sampai aceh gejolak lagi kerja kabinet bayang mantan,20,15,0,2,0,3,0,6,2026-06-25 17:05:27
1932827320341180482,,@KangManto123 Mgkin ini salah satu Benalu Kabinet Pak Prabowo yng bikin gaduh berulang dan berulang silih berganti,mungkin salah satu benalu kabinet pak prabowo yang bikin gaduh ulang ulang silih ganti,17,14,0,1,0,2,2,3,2026-06-25 17:05:27
1932823804352606648,,Mohon Pak Presiden @prabowo kami warga ACEH Cinta NKRI tapi jgn dengan persoalan ini kami Rakyat ACEH menghidupkan kembali GAM ... Mohon Pak @prabowo tolong di pecat TITO dan LUHUT dari kabinet Merah Putih ... kami jgn disakiti https://t.co/eEYIf2Xmsm,mohon pak presiden warga aceh cinta nkri tetapi jangan soal rakyat aceh hidup kembali gam mohon pak tolong pecat tito luhut kabinet merah putih jangan sakit,39,26,1,2,0,8,3,3,2026-06-25 17:05:27
1932822260521578826,,@Mdy_Asmara1701 Banyak ternakan mulyono di kabinet @prabowo ,banyak terna mulyono kabinet,7,4,0,2,0,1,0,1,2026-06-25 17:05:27
1932810185388810413,,@geloraco @prabowo Langkah Pertama reshuffle kabinet pak.. Mentri Mentri geng oslo di ganti..,langkah pertama reshuffle kabinet pak tri tri geng oslo ganti,13,10,0,2,0,1,0,2,2026-06-25 17:05:27
1932809976843809261,,@msaid_didu Kita tunggu keberanian @prabowo untuk pergantian menteri kabinet,tunggu berani ganti menteri kabinet,9,5,0,2,0,2,0,2,2026-06-25 17:05:27
1932804839018549753,,Presiden Prabowo Resmikan Kampus Bhinneka Tunggal Ika Universitas Pertahanan https://t.co/WcB4AG653d,presiden prabowo resmi kampus bhinneka tunggal ika universitas tahan,10,9,1,0,0,0,0,2,2026-06-25 17:05:27
1932800363318616306,,@Intel_Imut Terduga yang atur situs judol tetap jalan ada di kabinet pak @prabowo min,duga atur situs judol tetap jalan ada kabinet pak min,14,10,0,2,0,2,0,1,2026-06-25 17:05:28
1932798739141570832,,Belanda masih jauh pak Presiden @prabowo ! Yg jelas Raja 4 dirampok Nikel nya dgn IUP yg di issued Menteri ESDM kabinet kompromi Bapak lalu 4 Buah Pulau di Aceh dicuri oleh Gubernur Sumut Menantu Jokowi melalui SK Mendagri juga kabinet Bapak! Benahi diri sebelum ghibahin kumpeni!,belanda masih jauh pak presiden yang jelas raja rampok nikel dengan iup yang issued menteri esdm kabinet kompromi bapak buah pulau aceh curi gubernur sumut menantu jokowi lalu suka mendagri kabinet bapak benah diri ghibahin kumpeni,47,36,0,1,0,7,4,4,2026-06-25 17:05:28
1932798265738895821,,@zoelfick @prabowo Cocok bang... Bahaya itu kalo masi tetap di kabinet. Jangan dipikir negeri ini milik orang² tertentu saja.... Catat pak @Kemendagri_RI @TitoCarnavian Keberpihakan terhadap suatu golongan di dalam masyarakat yang majemuk akan membahayakan kohesifitas negeri.,cocok bang bahaya kalau masih tetap kabinet jangan pikir negeri milik orang tentu catat pak pihak hadap golong masyarakat majemuk bahaya kohesifitas negeri,36,23,0,4,0,9,2,7,2026-06-25 17:05:29
1932794684679860291,,Presiden @prabowo harus bersikap tegas dengan mengakhiri masa Pemerintahan transisi demi keutuhan NKRI. Loyalis Jokowi di Kabinet berpotensi memecah belah persatuan dan kesatuan Negara. https://t.co/4gxxCSb1f4 Attn : @DPR_RI @Gerindra @bang_dasco https://t.co/ecLBXBjX7a,presiden harus sikap tegas akhir masa perintah transisi demi utuh nkri loyalis jokowi kabinet potensi pecah belah satu satu negara attn,31,21,2,4,0,3,0,8,2026-06-25 17:05:29
1932791353035141263,,@Boediantar4 @prabowo @Gerindra Yth. Bpk @prabowo jangan. Berlengah lagi libas mentri2 yg menggunting kain dalam lipatan artinya mereka berbuat berulang2 jadikn mereka sipil biasa klw tk di libas... Mereka akn selalu ngetes ombakDi kabinet Bpk dn pada hakekatnya mereka meorlambat kinerja bpk,yth bpk jangan lengah lagi libas tri yang gunting kain lipat arti buat ulang jadikn sipil biasa kalau tak libas akan selalu ngetes ombakdi kabinet bpk dan hakekatnya meorlambat kerja bpk,42,31,0,4,0,7,5,8,2026-06-25 17:05:30
1932791264958951649,,@Mdy_Asmara1701 belanja menjajah ke indonesia tapi tidak merusak tatanan alam tapi sekarang di jajah kabinet prabowo banyak hutan di jadikan tambang,belanja jajah indonesia tetapi tidak rusak tatanan alam tetapi sekarang jajah kabinet prabowo banyak hutan jadi tambang,21,17,0,1,0,3,2,3,2026-06-25 17:05:30
1932788559024697432,,@NenkMonica Pecat tito orang jokowi selalu buat gaduh kabinet p.prabowo,pecat tito orang jokowi selalu buat gaduh kabinet pprabowo,10,9,0,1,0,0,0,0,2026-06-25 17:05:30
1932788392842203270,,@yaniarsim Gemana ini boss@prabowo! Papua! Aceh! Untuk menjaga kesatuan bangsa dan negara singkirkan parasit2 dr kabinet anda!,gana bos papua aceh jaga satu bangsa negara singkir parasit dari kabinet,17,12,0,2,0,4,2,4,2026-06-25 17:05:30
1932786136562151731,,@msaid_didu Ini dia Para Benalu di dalam kabinet @prabowo yg harus segera di singkirkan https://t.co/EtsavgDBTx,benalu kabinet yang harus segera singkir,15,6,1,2,0,6,1,1,2026-06-25 17:05:30
1932785582046130558,,Presiden @prabowo harus segera bertindak tegas dengan mengakhiri masa Pemerintahan Transisi demi keutuhan NKRI. Loyalis Jokowi di Kabinet berpotensi memecah belah persatuan bangsa. @DPR_RI @Gerindra @bang_dasco,presiden harus segera tindak tegas akhir masa perintah transisi demi utuh nkri loyalis jokowi kabinet potensi pecah belah satu bangsa,26,20,0,4,0,2,0,7,2026-06-25 17:05:30
1932783026838335523,,@PngAdilnR4kyt 1 lagi bikin rusuh kabinet prabowo. Pa tolong beresskan mentri2 nya. Mengancam stabilitas kabinet bpk. Itu jika bpk mau di kenang sebagai presiden baik,lagi bikin rusuh kabinet prabowo apa tolong beresskan tri ancam stabilitas kabinet bpk bpk mau kenang bagai presiden baik,25,19,0,1,0,4,2,2,2026-06-25 17:05:31
1932782652471587161,,@STresnowati1 @prabowo @DPR_RI musuh anda itu bukan asing pak @prabowo tapi kabinet anda sendiri mereka trus menerus berulah sampe nama anda tercoremg,musuh bukan asing pak tetapi kabinet sendiri terus terus ulah sampai nama tercoremg,22,13,0,4,0,5,3,2,2026-06-25 17:05:31
1932781745767903362,,Presiden @prabowo harus mengambil sikap tegas dengan mengakhiri masa Pemerintahan Transisi. Loyalis Jokowi di Kabinet dapat memecah belah persatuan NKRI. Dari Raja Ampat Papua menuju Empat Pulau Aceh. #SaveEmpatPulau,presiden harus ambil sikap tegas akhir masa perintah transisi loyalis jokowi kabinet dapat pecah belah satu nkri raja ampat papua tuju empat pulau aceh,29,24,0,1,1,3,0,6,2026-06-25 17:05:31
1932780948351029617,,@Gerindra @prabowo Jangan lupa Resuffle Kabinet kurangi Kementerian dan Lembaga..titipan Mulyono pecat semua termasuk kader2 PSI..Karena mereka dulu paling sering membully Prabowo. https://t.co/73qbyfqxhR,jangan lupa resuffle kabinet kurang menteri lembagatitipan mulyono pecat semua masuk kader psikarena dahulu sering membully prabowo,23,17,1,2,0,3,1,3,2026-06-25 17:05:32
1932776055045247422,,PRABOWO BERSIH2 KABINET. Pak jokowi jangan marah ya. Yang sabar jgn emosi. Kalau kedepannya prabowo akan mengganti menteri2 pilihan bapak satu per satu. Smp tak bersisa . Diambil dr partai yg sm ga mslh. Tp bersumpah setia pd @prabowo. Awas pak penyakit kulitnya ga sembuh2 https://t.co/6HQmNlpEp7,prabowo bersih kabinet pak jokowi jangan marah ya sabar jangan emosi depan prabowo ganti menteri pilih bapak satu per satu sampai tak sisa ambil dari partai yang sama enggak masalah tapi sumpah setia pada awas pak sakit kulit enggak sembuh,46,40,1,1,0,3,10,8,2026-06-25 17:05:32
1932773862284108202,,@bangherwin Capek liat kabinet prabowo sibuk tuduh asing lah adu domba pecah belah ehhh ternyata internalnya sendiri blm lg tambang diraja ampat blm lg pagar laut trs PIK judol dunia kesehatan semua dinarasikan asing asing asing,capek lihat kabinet prabowo sibuk tuduh asing radu domba pecah belah eh nyata internal sendiri belum lagi tambang diraja ampat belum lagi pagar laut terus pik judol dunia sehat semua narasi asing asing asing,36,34,0,1,0,1,8,4,2026-06-25 17:05:32
1932769795574825178,,PRESIDEN Prabowo Subianto memimpin rapat terbatas bersama sejumlah Menteri Kabinet Merah Putih di Istana Merdeka Jakarta Selasa (10/6). https://t.co/THied4bJw4,presiden prabowo subianto pimpin rapat batas sama jumlah menteri kabinet merah putih istana merdeka jakarta selasa,19,16,1,0,0,1,0,4,2026-06-25 17:05:32
1932769154660249744,,Pak @prabowo pecatlah si tito sebelum jadi bumerang bagi kabinet bapak!,pak pecat sih tito jadi bumerang bagi kabinet bapak,11,9,0,1,0,1,1,1,2026-06-25 17:05:32
1932768270127624271,,Pesan Mega : Jaga Prabowo Tahun 2027 PDIP masuk Kabinet untuk Tahun 2029?,pesan mega jaga prabowo tahun pdip masuk kabinet tahun,13,9,0,0,0,1,0,0,2026-06-25 17:05:32
1932768000719139087,,Kedekatan Prabowo dan Megawati Pertanda Reshuffle Kabinet? Presiden Prabowo Subianto kembali melontarkan ancaman kepada anak buahnya untuk tidak main-main dalam bekerja. Dalam pidatonya di Hari Hari Lahir Pancasila 2 Juni lalu dia berseru pejabat yang tidak mampu bekerja lebih https://t.co/q6R0YLV6P7,dekat prabowo megawati tanda reshuffle kabinet presiden prabowo subianto kembali lontar ancam kepada anak buah tidak mainmain kerja pidato hari hari lahir pancasila juni seru jabat tidak mampu kerja,40,29,1,0,0,9,0,10,2026-06-25 17:05:32
1932767632929009930,,Mau mau nya @prabowo angkat kabinet yg bakal bikin kegaduhan di bawah kepemimpinan nya...,mau mau angkat kabinet yang bakal bikin gaduh bawah pimpin,14,10,0,1,0,3,1,2,2026-06-25 17:05:33
1932766586320167318,,Nih bahaya nya Kabinet titipan Mukidi.!! Ngerecokin kepemimpinan @Prabowo... https://t.co/UNT2adOFrd,nih bahaya kabinet titip mukidi ngerecokin pimpin,10,7,1,1,0,1,0,2,2026-06-25 17:05:33
1932766427880284306,,@msaid_didu Yg membuat gaduh kabinet p.prabowo hampir semua orang titi pan jokowi apa ada agenda khusus kah,yang buat gaduh kabinet pprabowo hampir semua orang titi kapan jokowi ada agenda khusus,17,14,0,1,0,2,2,1,2026-06-25 17:05:33
1932762700859461974,,@Gerindra @prabowo Kalo mau dapat respect dan dukungan majoritas rakyat Indo sikat jokowi dan keluarga nya serta kroco2 nya di kabinet.,kalau mau dapat respect dukung majoritas rakyat indonesia sikat jokowi keluarga serta kroco kabinet,21,14,0,2,0,5,2,1,2026-06-25 17:05:33
1932755543288115303,,@Adit_yapramudya @ambranor Harapanmu sama sprtiku. Namun aku gk yakin itu bakal trjdi slma mentri titipan jkowi mash bercokol dlm kabinet prabowo. Toh prabowopun jga msih ada kepentingan di periode keduanya nanti.,harap sama sprtiku enggak yakin bakal trjdi slma tri titip jkowi mash cokol dalam kabinet prabowo toh prabowopun juga masih ada penting periode dua nanti,31,25,0,2,0,4,4,6,2026-06-25 17:05:34
1932754508972745115,,@herculep638 Sengaja dibuat gaduh oleh Jokowi pemerintahan Prabowo Subianto makzulkan Gibran kemudian ganti Kapolri Tito dan orang 2jokowi yang ada di kabinet Prabowo Subianto,sengaja buat gaduh jokowi perintah prabowo subianto makzul gibran ganti kapolri tito orang jokowi ada kabinet prabowo subianto,24,18,0,1,0,5,0,3,2026-06-25 17:05:34
1932748404691808728,,@PineksoRoyi1 @ferizandra @CNNIndonesia Iya tuh penghianat dari dalam kabinet Prabowo sendiri sudah berapa kali mengeluarkan kebijakan yang menyengsarakan rakyat? Impostor,iya tuh penghianat kabinet prabowo sendiri berapa kali keluar bijak sengsara rakyat impostor,20,13,0,3,0,4,0,3,2026-06-25 17:05:35
1932748089712165372,,Mewakili Pak Menteri Iftitah di acara Indo Defence Expo &amp; Forum di Kemayoran Jakarta. Acara dibuka secara resmi Presiden Prabowo. Hadir para anggota Kabinet Merah Putih para menteri pertahanan negara sahabat duta besar dan pimpinan perusahaan alutsista dunia. Presiden https://t.co/Ifurs9fZOS,wakil pak menteri iftitah acara indonesia defence expo amp forum mayor jakarta acara buka cara resmi presiden prabowo hadir anggota kabinet merah putih menteri tahan negara sahabat duta besar pimpin usaha alutsista dunia presiden,40,34,1,0,0,5,1,7,2026-06-25 17:05:35
1932745254345814037,,@tempodotco PECAT SAJA BAHLIL PAK PRABOWO @prabowo Wajahnya Harus Di FACELIFT. DeGRADE Kabinet !,pecat bahlil pak prabowo wajah harus facelift degrade kabinet,14,9,0,2,0,2,0,1,2026-06-25 17:05:35
1932744960098586635,,@BungRayHasbi @Mdy_Asmara1701 @prabowo Kabinet tdk punya mutu,kabinet tidak punya mutu,7,4,0,3,0,0,1,0,2026-06-25 17:05:36
1932744116607332776,,Presiden Prabowo Saksikan Penandatanganan 27 Kontrak Bersama Tegaskan Komitmen Perkuat Industri Pertahanan Nasional https://t.co/f6OBK0J02g,presiden prabowo saksi penandatanganan kontrak sama tegas komitmen kuat industri tahan nasional,14,12,1,0,0,0,0,5,2026-06-25 17:05:36
1932734792032031067,,@prabowo Pak Prabowo mohon dengarkanlah suara hati rakyat kecil. Saya mohon pak orang orang yg di rezim Jkw yg bermasalah dlm kabinet bapak mohon di ganti pak. ,pak prabowo mohon dengar suara hati rakyat kecil mohon pak orang orang yang rezim jkw yang masalah dalam kabinet bapak mohon ganti pak,27,23,0,1,0,3,3,2,2026-06-25 17:05:36
1932734223292772376,,Keraguan Prabowo untuk Reshuffle Kabinet Presiden Prabowo Subianto kembali melontarkan ancaman kepada anak buahnya untuk tidak main-main dalam bekerja. Dalam pidatonya di Hari Hari Lahir Pancasila 2 Juni lalu dia berseru pejabat yang tidak mampu bekerja lebih baik berhenti https://t.co/GTfUg4asEw,ragu prabowo reshuffle kabinet presiden prabowo subianto kembali lontar ancam kepada anak buah tidak mainmain kerja pidato hari hari lahir pancasila juni seru jabat tidak mampu kerja baik henti,40,29,1,0,0,9,0,10,2026-06-25 17:05:36
1932734083198808087,,Keraguan Prabowo untuk Reshuffle Kabinet Presiden Prabowo Subianto kembali melontarkan ancaman kepada anak buahnya untuk tidak main-main dalam bekerja. Dalam pidatonya di Hari Hari Lahir Pancasila 2 Juni lalu dia berseru pejabat yang tidak mampu bekerja lebih baik berhenti https://t.co/0zsgJovynD,ragu prabowo reshuffle kabinet presiden prabowo subianto kembali lontar ancam kepada anak buah tidak mainmain kerja pidato hari hari lahir pancasila juni seru jabat tidak mampu kerja baik henti,40,29,1,0,0,9,0,10,2026-06-25 17:05:36
1932733859780833781,,@STresnowati1 Tapi tetap hrs ada pressure atas kesengajaan ciptakan destabilitas politik oleh Tito sbg pemegang kewenangan @kemendagri di kabinet pak @prabowo @Gerindra (bos Prof.@bang_dasco P'@MuzaniGerindra @Fraksi_Gerindra Om @fadlizon &amp; @Dahnilanzar),tetapi tetap harus ada pressure atas sengaja cipta destabilitas politik tito bagai pegang wenang kabinet pak bos prof om amp,30,20,0,9,0,2,3,5,2026-06-25 17:05:37
1932726975631958022,,@Simemaki Saat prabowo nyapres 2014 apa yang di ucapkan pensiunan dan penjilat yang sekarang gak punya malu masuk di kabinet merah putih,prabowo nyapres ucap pensiun jilat sekarang enggak punya malu masuk kabinet merah putih,22,13,0,1,0,7,1,3,2026-06-25 17:05:37
1932726670127235086,,KOALISI GERINDRA+DEMOKRAT UNTUK MEMPERKUAT KERJA KABINET PAK PRABOWO🆗,koalisi gerindrademokrat kuat kerja kabinet pak prabowo,8,7,0,0,0,1,0,1,2026-06-25 17:05:37
1932724486861959355,,Presiden Prabowo Resmikan Peluncuran Kendaraan Listrik Taktis PANDU Era Baru Pertahanan Ramah Lingkungan https://t.co/Rj67pfF8QX,presiden prabowo resmi luncur kendara listrik taktis pandu era baru tahan ramah lingkung,14,13,1,0,0,0,0,5,2026-06-25 17:05:37
1932722596212269274,,@SenopatiDiAnno @prabowo Lawan tito segera copot dari kabinet,lawan tito segera copot kabinet,8,5,0,2,0,1,0,0,2026-06-25 17:05:38
1932720247964119336,,@SenopatiDiAnno @prabowo Keterlaluan apabila orang seperti Tito masih dipertahankan dalam kabinet.... sunggu terlalu!!,terlalu apabila orang seperti tito masih tahan kabinet sungguh terlalu,13,10,0,2,0,1,1,2,2026-06-25 17:05:38
1932716938620174412,,Presiden Prabowo Tegaskan Kekuatan Pertahanan Salah Satu Penjamin Kedaulatan Bangsa https://t.co/Q6his2MDAB,presiden prabowo tegas kuat tahan salah satu jamin daulat bangsa,11,10,1,0,0,0,0,5,2026-06-25 17:05:38
1932714076507197656,,@BBCIndonesia Kekuatan yang menggerogoti Indonesia itu adalah Jokowi dan kroni2nya. Selama mereka masih ada di dalam kabinet/Pemerintah niscaya negara ini diam di tempat malah mundur. Harusnya Prabowo bisa menghabisi bajingan2 itu bukannya malah manut2,kuat gerogot indonesia jokowi kroni masih ada kabinetpemerintah niscaya negara diam tempat malah mundur harus prabowo bisa habis bajing bukan malah manut,34,22,0,1,0,11,0,7,2026-06-25 17:05:38
1932712230715564384,,@Aceh Para menterinya kabinet Prabowo bikin kegaduhan yg tdk perlu..Apa maksud para menteri ini...Apa memang diperintah presiden Prabowo ?,menteri kabinet prabowo bikin gaduh yang tidak perluapa maksud menteri iniapa memang perintah presiden prabowo,19,15,0,1,0,2,2,3,2026-06-25 17:05:39
1932709636748288283,,Presiden Prabowo Resmi Buka Indo Defence 2025 Expo https://t.co/L4wSdO5Xbg,presiden prabowo resmi buka indonesia defence expo,9,7,1,0,0,0,1,0,2026-06-25 17:05:39
1932709256597516490,,@Gerindra @prabowo Rakyat menunggu kiprah luar biasa beliau yg pernah menulis Paradoks Indonesia . Kapan resuffle Kabinet? Negeri ini masih banyak putra bangsa yg punya integritas nasionalis dan tidak TERINDIKASI KORUP. ,rakyat tunggu kiprah luar biasa beliau yang pernah tulis paradoks indonesia resuffle kabinet negeri masih banyak putra bangsa yang punya integritas nasionalis tidak indikasi korup,31,25,0,2,0,3,2,3,2026-06-25 17:05:39
1932705640268640506,,Permainan genk solo bukan kehendak kabinet pak @prabowo .,main genk solo bukan hendak kabinet pak,9,7,0,1,0,0,0,2,2026-06-25 17:05:39
1932704915270611131,,Setelah bahlul giliran tito kasihan bapak @prabowo .pecat saja semua menteri titipan jokowi agar kabinet tdk selalu gaduh.,bahlul gilir tito kasihan bapak pecat semua menteri titip jokowi kabinet tidak selalu gaduh,18,14,0,1,0,3,1,2,2026-06-25 17:05:39
1932704799033872564,,@CNNIndonesia Pak @prabowo mohon segera tendang semua geng Mulyono dari kabinet bapak. Mereka gerombolan setan jahat yg tidak ingin rakyat mu tentram damai dan sejahtera.,pak mohon segera tendang semua geng mulyono kabinet bapak gerombol setan jahat yang tidak ingin rakyat mu tenteram damai sejahtera,25,20,0,2,0,3,2,1,2026-06-25 17:05:39
1932698219550773360,,@AndiSinulingga atas dasar apa minta kelola bersama? krn ada usaha luhut di pulau itu? jadi tito dimasukkan dr kabinet mulyono ke kabinet prabowo itu utk mengamankan agenda mulyono dan kroninya,atas dasar minta kelola sama karena ada usaha luhut pulau jadi tito masuk dari kabinet mulyono kabinet prabowo untuk aman agenda mulyono kroni,30,23,0,1,0,6,4,5,2026-06-25 17:05:39
1932696803792568379,,Mensesneg: Belum ada rencana reshuffle kabinet dan pembicaraan PDIP masuk kabinet Presiden Prabowo. #ThePhraseID #Reshuffle #ReshuffleKabinet #Mensesneg #PrasetyoHadi #Prabowo #PrabowoSubianto #PDIP https://t.co/VnBpP3QgTi,mensesneg belum ada rencana reshuffle kabinet bicara pdip masuk kabinet presiden prabowo,22,12,1,0,8,1,0,1,2026-06-25 17:05:40
1932695352723058950,,@Gerindra Yg dapat izin 5 knp yg dicabut hanya 4 yg gak dicabut yg sudah nambang... eh usul ke Pak @Prabowo ganti orang2 Jokowi di kabinet mereka yg bikin rusuh bikin jelek nama Pak Prabowo ganti yg kredibel/profesional/berintegritas agar Presiden Prabowo leluasa mimpin negara,yang dapat izin kenapa yang cabut yang enggak cabut yang nambang eh usul pak ganti orang jokowi kabinet yang bikin rusuh bikin jelek nama pak prabowo ganti yang kredibelprofesionalberintegritas presiden prabowo leluasa mimpin negara,44,34,0,2,0,6,8,2,2026-06-25 17:05:40
1932695163123740869,,@Tan_Mar3M @prabowo Ini wowo ngak sadar menyimpan orang bermasalah di kabinet....,wowo enggak sadar simpan orang masalah kabinet,11,7,0,2,0,2,1,2,2026-06-25 17:05:40
1932693539215032742,,Pak @prabowo jangan terlama ganti orang2 @jokowi di kabinet termasuk Mendagri. Kalo dibiarkan terlalu lama bisa membahayakan stabilitas bangsa.,pak jangan lama ganti orang kabinet masuk mendagri kalau biar terlalu lama bisa bahaya stabilitas bangsa,19,16,0,2,0,1,1,4,2026-06-25 17:05:40
1932691067423584401,,Prasetyo Hadi menegaskan bahwa Presiden Prabowo Subianto belum berencana untuk melakukan perombakan kabinet atau reshuffle. Pemerintah lebih fokus untuk menyelesaikan masalah dibandingkan membahas reshuffle. Ayo Ikut Ambil Peran #JUNGKOOK #GrabFoodHotDealsxJASPER https://t.co/FC2TFqOPuG,prasetyo had tegas bahwa presiden prabowo subianto belum rencana laku ombak kabinet reshuffle perintah fokus selesai masalah banding bahas reshuffle ayo ikut ambil peran,31,24,1,0,2,4,0,9,2026-06-25 17:05:41
1932690533157384677,,@abu_waras Demi apa yok? Demi Prabowo? Gaklah itu demi Boby dan Jokowi... makanya pecatin orang2 @jokowi di kabinet wahai @prabowo.... biar Pak Presidem leluasa mimpin negara ini,demi yuk demi prabowo gaklah demi boby jokowi makanya pecatin orang kabinet wahai biar pak presidem leluasa mimpin negara,27,19,0,3,0,5,1,0,2026-06-25 17:05:41
1932687120571023732,,@toe_giman pak @prabowo mah kudu segera bersihkan kabinet dari grombolan oslo.. dimulai dari @titokarnavian_ masalahnya berani gak ya @Gerindra,pak mah kudu segera sih kabinet grombolan oslo mulai masalah berani enggak ya,19,13,0,4,0,2,1,3,2026-06-25 17:05:42
1932664529181085726,,Menteri Sekretaris Negara (Mensesneg) Prasetyo Hadi menegaskan belum ada rencana Presiden Prabowo Subianto melakukan perombakan kabinet atau reshuffle. #mensesneg #isureshuffle #perombakankabinet #mdkbl https://t.co/5zHWXeWOhE,menteri sekretaris negara mensesneg prasetyo had tegas belum ada rencana presiden prabowo subianto laku ombak kabinet reshuffle,23,17,1,0,4,1,0,4,2026-06-25 17:05:42
1932661798031012199,,Perbanyak Personil Kabinet yang Berani seperti ini Bung Presiden @prabowo Baru kami yakin anda akan mampu mewujudkan Indonesia Adil Makmur Sejahtera.,banyak personel kabinet berani seperti bung presiden baru yakin mampu wujud indonesia adil makmur sejahtera,21,15,0,1,0,5,1,2,2026-06-25 17:05:42
1932660594173489469,,@MasBRO_back Harusnya ini segera terjadi... Daripada jadi beban kabinet @prabowo ...,harus segera jadi daripada jadi beban kabinet,11,7,0,2,0,1,0,2,2026-06-25 17:05:42
1932657569174327788,,Menteri Jokowi yg ada dalam Kabinet Prabowo mulai unjuk gigi : 1) Menteri ESDM Bahlil awalnya diduga mau bela Oligarki Jokowi (Aguan) di Raja Ampat dg skenario buat kunjungan dg kesimpulan bhw tambang di Raja Ampat tdk ada masalah. 2) Menko Zulhas langsung keluar bela Bahlil 3),menteri jokowi yang ada kabinet prabowo mulai unjuk gigi menteri esdm bahlil awal duga mau bela oligarki jokowi aguan raja ampat dengan skenario buat kunjung dengan simpul bahwa tambang raja ampat tidak ada masalah menko zulhas langsung keluar bela bahlil,47,40,0,0,0,3,5,4,2026-06-25 17:05:42
1932656733765447982,,@tempodotco Dari dulu slogannya '' Akan tapi kenyataanya O besar hanya retorika dan buat rakyat tenang sesaat padahal dia hanya menaruh harapan palsu terbukti sampai sekarang belum juga ada Resuffle Kabinet kami sudah muak lihat anak buah Jokowi di kabinet Prabowo,dahulu slogan tetapi kenyataanya besar retorika buat rakyat tenang saat padahal taruh harap palsu bukti sampai sekarang belum ada resuffle kabinet muak rakyat anak buah jokowi kabinet prabowo,41,28,0,1,0,10,3,5,2026-06-25 17:05:43
1932654387643797754,,@MasBRO_back @DPR_RI @prabowo Pak Pak ini masukin ke kabinet dong ...,pak pak masuk kabinet dong,11,5,0,3,0,2,1,1,2026-06-25 17:05:43
1932650082303947008,,@KangManto123 Mudah mudahan si Bahlil ini dipecat dia sumber masalah di kabinet Prabowo ini,mudah mudah sih bahlil pecat sumber masalah kabinet prabowo,14,9,0,1,0,4,1,2,2026-06-25 17:05:43
1932649031865676167,,@Ary_PrasKe2 @Anak__Ogi @AntoniusCDN @becak50 @BiLLRaY2019 @jhonsitorus_19 @NgkongRoses @sami86pilang @RickyKardjono @newIding30 @NyaiNeneng Jejak kejahatan titipan Mulyono ini telah di bongkar abis sama bang@rismon.tinggal ad keberanian dr p Prabowo untk memecatnya dr kabinet merah putih.kl TDK di pencat mungkin bkl ad lg tindakan yg bakal merugikan rakyat..smoga p Prabowo ad nyali .,jejak jahat titip mulyono bongkar habis sama bangtinggal ada berani dari prabowo untuk pecat dari kabinet merah putihkl tidak cat mungkin bkl ada lagi tindak yang bakal rugi rakyatsmoga prabowo ada nyali,50,32,0,12,0,4,10,7,2026-06-25 17:05:43
1932648990979580395,,Presiden Prabowo Pimpin Rapat Terbatas Pembentukan Tanggul Laut di Pulau Jawa https://t.co/KrdwCRJxlJ,presiden prabowo pimpin rapat batas bentuk tanggul laut pulau jawa,12,10,1,0,0,1,0,2,2026-06-25 17:05:43
1932642282173538339,,Mensesneg: Belum Ada Rencana Reshuffle Kabinet Prabowo https://t.co/wTelaUDjcb,mensesneg belum ada rencana reshuffle kabinet prabowo,8,7,1,0,0,0,0,0,2026-06-25 17:05:44
1932639302019920200,,Presiden Prabowo Instruksikan Akselerasi Penanganan Sampah Lewat Skema Hulu-Hilir https://t.co/D1C0RoCRXm,presiden prabowo instruksi akselerasi tangan sampah lewat skema huluhilir,10,9,1,0,0,0,0,2,2026-06-25 17:05:44
1932638672035467735,,@anfarizzat tau kabinet nya mentri Prabowo banyak yang ga kompeten banget ya,daun kabinet tri prabowo banyak enggak kompeten banget ya,12,9,0,1,0,2,2,1,2026-06-25 17:05:44
1932637319162683865,,Menanggapi kabar reshuffle kabinet yang mencuat setelah pidato Presiden Prabowo pada 2 Juni lalu Prof. R. Siti Zuhro dalam wawancaranya dengan Tempo mengungkapkan bahwa reshuffle relevan untuk dilakukan jika melihat tuntutan tinggi kepada pemerintah saat ini. https://t.co/eZ8oB6KUsg,tanggap kabar reshuffle kabinet cuat pidato presiden prabowo juni prof siti zuhro wawancara tempo ungkap bahwa reshuffle relevan laku lihat tuntut tinggi kepada perintah,37,24,1,0,0,10,0,8,2026-06-25 17:05:44
1932634594169532612,,Pengamat Politik Ingatkan Prabowo Jangan Bertele-tele soal Reshuffle Kabinet https://t.co/Jsg0bRoTEG,amat politik ingat prabowo jangan berteletele soal reshuffle kabinet,10,9,1,0,0,0,0,2,2026-06-25 17:05:44
1932634037056950623,,@geloraco Dari dulu rakyat bersuara bersihkan kabinet presiden dari orang bermasalah msh dipakai aja mulai Dari menkes dll eh skrg ada lagi aja yang bikin masalah mau sampai kapan pak @prabowo,dahulu rakyat suara sih kabinet presiden orang masalah masih pakai saja mulai menkes dll eh sekarang ada lagi saja bikin masalah mau sampai pak,31,24,0,2,0,5,5,4,2026-06-25 17:05:45
1932630936971292746,,COPOT MENTERI YANG TIDAK KOMPETEN... ISU RESHUFFLE KABINET PRABOWO KEMBALI MENCUAT... #CopotBahlilPerusakSDA #CopotBahlilPerusakSDA 🆘🆗 https://t.co/sFEC8FjzjA,copot menteri tidak kompeten isu reshuffle kabinet prabowo kembali cuat,15,10,1,0,2,1,0,1,2026-06-25 17:05:45
1932622126798025198,,@msaid_didu Ini Tito karnavian menteri buat ribut kabinet dan pemerintahan prabowo. Tito apa berani anda berani mempertanggung jawabkan kasus kopi sianida.,tito karnavian menteri buat ribut kabinet perintah prabowo tito berani berani tanggung jawab kasus kopi sianida,21,16,0,1,0,4,0,3,2026-06-25 17:05:45
1932621315057594815,,@SenopatiDiAnno @prabowo Sejak perjanjian Helsinki 2005 era presiden @SBYudhoyono Aceh jadi kondusif tidak ada konflik dgn siapa pun mengapa skr ACEH di ganggu lg oleh pembantu bapak @prabowo hati2 pak @prabowo ada pengkhianat di kabinet bapak,sejak janji helsinki era presiden aceh jadi kondusif tidak ada konflik dengan sekarang aceh ganggu lagi bantu bapak hati pak ada khianat kabinet bapak,36,24,0,5,0,6,3,3,2026-06-25 17:05:45
1932617215955906584,,@SenopatiDiAnno @prabowo Presiden Prabowo harus pecat Tito dr Kabinet org ini sangat berbahaya utk kelanggengan Persatuan &amp; Kesatuan Rakyat Indonesia. Kesalahan fatal yg tdk bisa di ma'afkan seorang pejabat Menteri lakukan politik pecah belah/adu domba rakyat.,presiden prabowo harus pecat tito dari kabinet orang bahaya untuk langgeng satu amp satu rakyat indonesia salah fatal yang tidak bisa maaf orang jabat menteri laku politik pecah belahadu domba rakyat,36,31,0,2,0,3,5,9,2026-06-25 17:05:46
1932616185021149262,,Presiden Prabowo Subianto memimpin rapat terbatas (ratas) bersama sejumlah menteri Kabinet Merah Putih di Istana Merdeka Jakarta hari ini. Ratas itu membahas kesiapan pembentukan tanggul laut atau Giant Sea Wall di sepanjang pantai utara Pulau Jawa Pembangunan Giant Sea Wall https://t.co/FaUrc8aXTi,presiden prabowo subianto pimpin rapat batas retas sama jumlah menteri kabinet merah putih istana merdeka jakarta hari retas bahas kesiap bentuk tanggul laut giant sea wall panjang pantai utara pulau jawa bangun giant sea wall,41,35,1,0,0,5,2,9,2026-06-25 17:05:46
1932611351555551663,,Presiden Prabowo Subianto memimpin rapat terbatas bersama sejumlah Menteri Kabinet Merah Putih di Istana Merdeka Jakarta (10/06/2025). Sekretaris Kabinet Teddy Indra Wijaya dalam keterangannya menyebut bahwa rapat tersebut membahas kesiapan pembentukan tanggul laut atau Giant https://t.co/5rTJ9PwOTt,presiden prabowo subianto pimpin rapat batas sama jumlah menteri kabinet merah putih istana merdeka jakarta sekretaris kabinet teddy indra wijaya terang sebut bahwa rapat bahas kesiap bentuk tanggul laut giant,36,30,1,0,0,4,0,9,2026-06-25 17:05:46
1932605298839294056,,@ommi_siregar Apakah ini termasuk Politik adu domba yg sejak zaman kolonial lalu pada zaman PKI terus terulang di era REJIM JOKOWI dan dilanjutkan oleh para TERMUL² yg melakukan Politik Bermuka Dua pada era Kabinet Prabowo⁉️,apakah masuk politik radu domba yang sejak zaman kolonial zaman pki terus ulang era rezim jokowi lanjut termul yang laku politik muka dua era kabinet prabowo,35,26,0,1,0,8,4,6,2026-06-25 17:05:46
1932603786473926863,,@Edwin_A_J @susipudjiastuti @prabowo Ga naif sopan itu jg strategi karena udh pernah di battle game yang sama di kabinet sebelumnya.,enggak naif sopan juga strategi sudah pernah battle game sama kabinet belum,20,12,0,3,0,5,3,1,2026-06-25 17:05:46
1932603715284046238,,@SenopatiDiAnno @prabowo WARGA ACEH. Terus berjuang spe si TK dibredel dr kabinet Kami rakyat indonesia mendukungmu ,warga aceh terus juang spe sih tak bredel dari kabinet rakyat indonesia dukung,16,13,0,2,0,1,3,3,2026-06-25 17:05:47
1932603572740583930,,@papae_dio @KompasTV @bahlillahadalia @prabowo @jokowi Sejarah kabinet Gus Dur (Kabinet Persatuan Nasional 1999-2001) tidak dilanjutkan utuh oleh Megawati. Setelah Gus Dur dilengserkan pada Juli 2001 Megawati membentuk Kabinet Gotong Royong pada Agustus 2001. Namun beberapa menteri dipertahankan seperti Susilo Bambang Yudhoyono,sejarah kabinet gus dur kabinet satu nasional tidak lanjut utuh megawati gus dur lengser juli megawati bentuk kabinet gotong royong agustus beberapa menteri tahan seperti susilo bambang yudhoyono,41,28,0,5,0,5,0,5,2026-06-25 17:05:47
1932602773444366721,,@grok @KompasTV @bahlillahadalia @prabowo @jokowi tolong ingatkan saya @grok tentang sejarah kabinet Gus Dur apakah dilanjutkan Megawati ?,tolong ingat tentang sejarah kabinet gus dur apakah lanjut megawati,18,10,0,6,0,1,0,2,2026-06-25 17:05:47
1932599411944890477,,Mensesneg sekaligus juru bicara Istana Prasetyo Hadi menanggapi isu reshuffle kabinet. Ia memastikan belum ada rencana dari Presiden Prabowo Subianto untuk reshuffle para menteri. https://t.co/MoylbjBhlm,mensesneg sekaligus juru bicara istana prasetyo had tanggap isu reshuffle kabinet ia pasti belum ada rencana presiden prabowo subianto reshuffle menteri,25,21,1,0,0,3,0,3,2026-06-25 17:05:47
1932596559180652686,,Sekretaris Kabinet Teddy Indra Wijaya membantah kabar yang menyebut Presiden Prabowo Subianto akan mengganti Kapolri Jenderal Listyo Sigit Prabowo. https://t.co/zJT3XuPSd0,sekretaris kabinet teddy indra wijaya ban kabar sebut presiden prabowo subianto ganti kapolri jenderal listyo sigit prabowo,20,17,1,0,0,2,0,3,2026-06-25 17:05:47
1932596017662472568,,Sekretaris Kabinet Teddy Indra Wijaya membantah kabar yang menyebut Presiden Prabowo Subianto akan mengganti Kapolri Jenderal Listyo Sigit Prabowo. https://t.co/oTU41OqcoY,sekretaris kabinet teddy indra wijaya ban kabar sebut presiden prabowo subianto ganti kapolri jenderal listyo sigit prabowo,20,17,1,0,0,2,0,3,2026-06-25 17:05:48
1932595583895941245,,Dalam rapat terbatas bersama Presiden Prabowo Sekretaris Kabinet Teddy Indra Wijaya menegaskan pentingnya akselerasi lintas kementerian demi mewujudkan target nasional bebas sampah sebelum 2029. https://t.co/Id1CMoPTA6,rapat batas sama presiden prabowo sekretaris kabinet teddy indra wijaya tegas penting akselerasi lintas menteri demi wujud target nasional bebas sampah,25,21,1,0,0,2,0,6,2026-06-25 17:05:48
1932593291037716650,,@NenkMonica Yang terhormat Presiden Republik Indonesia Bapak @prabowo pembantu Bapak yang bernama Tito Karnavian mau sampai kapan tidak ditendang dari kabinet? Kebijakan dia atas 4 pulau Aceh yang diberikan ke Sumut sangat berpotensi memicu konflik dan menumbuhkan rasa kebencian.,hormat presiden republik indonesia bapak bantu bapak nama tito karnavian mau sampai tidak tendang kabinet bijak atas pulau aceh beri sumut potensi picu konflik tumbuh rasa benci,39,27,0,2,0,9,0,10,2026-06-25 17:05:48
1932577706392367436,,@KompasTV pak presiden @prabowo bersihkan kabinet anda dr parasit2 macam @bahlillahadalia ini pak biar anda dan kabinet anda bekerja dgn baik tanpa parasit di dalam nya,pak presiden sih kabinet dari parasit macam pak biar kabinet kerja dengan baik tanpa parasit,26,15,0,3,0,8,2,2,2026-06-25 17:05:48
1932562335157400033,,@geloraco Menteri TOXICT ..diam2 mereka Gang Solo sdh melancarkan strategi penghancuran Prabowo. Gerindra segera ambil sikap lakukan pembersiahan kabinet dari antek2 Gang Solo yg ingin melakukan kudeta kpd Prabowo.,menteri toxict diam gang solo sudah lancar strategi hancur prabowo gerindra segera ambil sikap laku siah kabinet antek gang solo yang ingin laku kudeta kepada prabowo,29,26,0,1,0,2,3,5,2026-06-25 17:05:49
1932558737245679655,,@toe_giman Ternyata kabinet Prabowo hanya bikin gaduh..hati2 pak Prabowo dirorong dari dalem..ntar jatuh kredibilitas bapak..buang aja menteri titipan Jokowi,nyata kabinet prabowo bikin gaduhhati pak prabowo dirorong dalemntar jatuh kredibilitas bapakbuang saja menteri titip jokowi,19,16,0,1,0,2,1,2,2026-06-25 17:05:49
1932543654830486021,,@Pai_C1 Sama seperti kabinet jokowi prabowo gak ada bedanya cuma ganti tempat saja,sama seperti kabinet jokowi prabowo enggak ada beda cuma ganti tempat,13,11,0,1,0,1,1,1,2026-06-25 17:05:49
1932489218724671774,,@KompasTV Kok @Gerindra bisa² nya nerima nih monyet di kabinet Prabowo apalagi jelas² beliau loyalitas dia ke gwng Solo bkn ke Presiden Prabowo ataupun ke negara Indonesia.,kok bisa terima nih monyet kabinet prabowo apalagi jelas beliau loyalitas gwng solo bukan presiden prabowo atau negara indonesia,27,19,0,2,0,6,2,4,2026-06-25 17:05:50
1932489032459776269,,Prabowo pas bikin kabinet,prabowo pas bikin kabinet,4,4,0,0,0,0,0,0,2026-06-25 17:05:50
1932409509424882141,,Sudah sangat meawakili suara kami pak @prabowo kalaupun tidak anda masukkan dalam jajaran kabinet setidaknya anda dengar kritik dan saran beliau... ,meawakili suara pak kalaupun tidak masuk jajar kabinet tidak dengar kritik saran beliau,21,13,0,1,0,7,0,3,2026-06-25 17:05:50
1932402811008127346,,Percuma aja Pak @prabowo ngoceh mau Merombak kabinet tapi Budie Arie Masih di Pertahankan dan Menkes juga Masih di Pertahanan ,percuma saja pak oceh mau rombak kabinet tetapi budie arie masih tahan menkes masih tahan,20,15,0,1,0,4,3,4,2026-06-25 17:05:50
1932402679529275718,,@tempodotco Percuma aja Pak @prabowo ngoceh mau Merombak kabinet tapi Budie Arie Masih di Pertahankan dan Menkes juga Masih di Pertahanan ,percuma saja pak oceh mau rombak kabinet tetapi budie arie masih tahan menkes masih tahan,21,15,0,2,0,4,3,4,2026-06-25 17:05:51
1932400110962659459,,@tempodotco #PrabowoLetoy mana berani ganggu gugat Genk Jokowi. Biarpun kepada menterinya Check lah info ini. Ini contoh aja: Di rapat kabinet Bahlil bersalaman ke Prabowo sambil sedikit membungkuk giliran bersalaman dgn Gibran ia sungkem cium tangan Membuktikan apa hayooo???,mana berani ganggu gugat genk jokowi biarpun kepada menteri check info contoh saja rapat kabinet bahlil salam prabowo sambil sedikit bungkuk gilir salam dengan gibran ia sungkem cium tangan bukti hayo,39,31,0,1,1,6,3,6,2026-06-25 17:05:51
1932400098677264677,,Istana tegaskan masih belum ada rencana Presiden Prabowo melakukan reshuffle kabinet. Pihaknya disebut masih fokus atasi masalah yang harus diselesaikan pemerintahan. https://t.co/89pNZx90hu,istana tegas masih belum ada rencana presiden prabowo laku reshuffle kabinet pihak sebut masih fokus atas masalah harus selesai perintah,22,20,1,0,0,1,0,7,2026-06-25 17:05:51
1932384309203341397,,@prabowo Bersihkan kabinet dr orang-orang licik walaupun dia cerdik. Karena yg paling potensial berkhianat adalah orang dalam yg licik. WATCH OUT!,sih kabinet dari orangorang licik walaupun cerdik yang potensial khianat orang yang licik watch out,21,15,0,1,0,5,3,2,2026-06-25 17:05:51
1932383508611395883,,@rzksyrfi @TEntertain76396 @myaawwww @ronnie1892 @Epricila10 @DokterTifa Roy suryo itu tidak ada dri siapapun yg mendanai ataw yg menggerakannya...satu bukti roy suryo pernah terjadi era jkw masuk bui.. klo roy suryo ada elit politik yg menggerakannya dri dulu dia tidak kena bui semisal yg mo jadi mentri gak jadi ...di kabinet prabowo.,roy suryo tidak ada dari siapa yang dana ataw yang menggerakannyasatu bukti roy suryo pernah jadi era jkw masuk bui kalo roy suryo ada elit politik yang gera dari dahulu tidak kena bui misal yang mau jadi tri enggak jadi kabinet prabowo,51,42,0,6,0,3,10,6,2026-06-25 17:05:52
1932377463855919388,,Udah seharusnya kacung raja jawa ini disingkirkan dari kabinet Prabowo..,sudah harus kacung raja jawa singkir kabinet prabowo,10,8,0,0,0,2,1,2,2026-06-25 17:05:52
1932368030073585967,,@silvchndr @ernestprakasa asiikk semoga keliatan staff nya prabowo ya biar masuk kabinet ahahhahah,asiikk moga lihat staff prabowo ya biar masuk kabinet ahahhahah,13,10,0,2,0,1,1,2,2026-06-25 17:05:53
1932366987591872574,,Dasco sebagai sang Mastermind politik Indonesia yang merupakan sosok kepercayaan Prabowo kerap mengambil posisi sebagai alarm politik dalam mengawasi kinerja kabinet baik menteri yang berasal dari partai politik koalisi maupun yang berlatar belakang profesional.#TimnasDay https://t.co/C8h0tCcQKe,dasco bagai sang mastermind politik indonesia rupa sosok percaya prabowo kerap ambil posisi bagai alarm politik awas kerja kabinet baik menteri asal partai politik koalisi mau latar belakang profesional,35,29,1,0,1,5,3,7,2026-06-25 17:05:53
1932364624458072120,,MENTERI Sekretaris Negara (Mensesneg) sekaligus juru bicara Istana Prasetyo Hadi menyebut belum ada rencana dari Presiden Prabowo Subianto untuk melakukan perombakan kabinet atau reshuffle. https://t.co/Neq1VwrYqs,menteri sekretaris negara mensesneg sekaligus juru bicara istana prasetyo had sebut belum ada rencana presiden prabowo subianto laku ombak kabinet reshuffle,25,21,1,0,0,3,0,4,2026-06-25 17:05:53
1932359693718192597,,@yusuf_dumdum Berani benar ini Pak @prabowo cabut2 ijin nikel.... Dah lapor @jokowi blom ? Bisa perang ini di kabinet ....,berani benar pak cabut ijin nikel deh lapor belum bisa perang kabinet,20,12,0,3,0,3,2,0,2026-06-25 17:05:53
1932354881849082033,,Siap-siap Ada Parpol Cemburu PDIP Masuk Kabinet Prabowo https://t.co/U1fi1DFgGU,siapsiap ada parpol cemburu pdip masuk kabinet prabowo,9,8,1,0,0,0,0,0,2026-06-25 17:05:54
1932354456303366643,,Publik menunggu sapu bersih tikus2 di kabinet @prabowo,publik tunggu sapu bersih tikus kabinet,8,6,0,1,0,1,0,1,2026-06-25 17:05:54
1932347172328235451,,Mensesneg Sebut Prabowo Belum Ada Rencana Reshuffle Kabinet https://t.co/qNXdJI3CNC,mensesneg sebut prabowo belum ada rencana reshuffle kabinet,9,8,1,0,0,0,0,0,2026-06-25 17:05:54
1932344883337101602,,Istana Tanggapi Isu Reshuffle di Kabinet Prabowo-Gibran: Memang Belum Ada https://t.co/elkIRd0dWC,istana tanggap isu reshuffle kabinet prabowogibran memang belum ada,11,9,1,0,0,1,0,1,2026-06-25 17:05:54
1932344233530380431,,@silvchndr @ernestprakasa kalo nyenggol lawan politik atau lawan saat ajang pilpres apakah bisa dikatakan buzzer? Pdhl pak prabowo sendiri yg bilang jgn ada perpecahan yg sudah biarkan sudah kembali guyup. Pdhl beliau udh mencontohkan saat mengalahkan egonya untuk masuk kabinet jokowi. Buzzernya msh gini,kalau nyenggol lawan politik lawan ajang pilpres apakah bisa kata buzzer padahal pak prabowo sendiri yang bilang jangan ada pecah yang biar kembali guyup padahal beliau sudah contoh kalah ego masuk kabinet jokowi buzzernya masih begini,44,36,0,2,0,6,9,6,2026-06-25 17:05:55
1932335551270867299,,Pertemuan Presiden Terpilih Prabowo Subianto dan Ketua Umum PDIP Megawati Soekarnoputri serta kunjungan Ketua Harian Partai Gerindra Sufmi Dasco Ahmad ke kediaman Megawati beberapa waktu lalu memicu spekulasi reshuffle kabinet. #ReshuffleKabinet #PDIP #Prabowo #Megawati https://t.co/N80uZkhnRQ,temu presiden pilih prabowo subianto ketua umun pdip megawati soekarnoputri serta kunjung ketua hari partai gerindra sufmi dasco ahmad diam megawati beberapa picu spekulasi reshuffle kabinet,35,26,1,0,4,4,1,6,2026-06-25 17:05:56
1932328564843811096,,Presiden Prabowo Perintahkan Evaluasi Langsung Izin Tambang di Kawasan Raja Ampat https://t.co/yKelGCBW48,presiden prabowo perintah evaluasi langsung izin tambang kawasan raja ampat,12,10,1,0,0,1,0,1,2026-06-25 17:05:56
1932326903983333648,,@msaid_didu Seperti nya presiden @prabowo justru sibuk ngurusi kebijakan menteri nya yg bikin konflik terus? Hey kalian @Gerindra @bang_dasco @fadlizon kapan sadar nya?kalian mau terlambat bertindak?kapan mau bersihkan geng Solo di kabinet?,seperti presiden justru sibuk ngurusi bijak menteri yang bikin konflik terus hey kalian sadar nyakalian mau lambat bertindakkapan mau sih geng solo kabinet,32,23,0,5,0,4,1,3,2026-06-25 17:05:57
1932320574467887286,,Harta kekayaan selebritas yang memegang jabatan strategis di Kabinet Prabowo Subianto dan Gibran Rakabuming Raka ada yang menyentuh angka Rp1 triliun. Hal tersebut diketahui melalui Laporan Harta Kekayaan Penyelenggara Negara (LHKPN) yang disampaikan kepada KPK. #SmartNews https://t.co/w5mykc6U9Q,harta kaya selebritas pegang jabat strategis kabinet prabowo subianto gibran rakabuming raka ada sentuh angka rp triliun hal tahu lalu lapor harta kaya selenggara negara lhkpn sampai kepada kpk,37,29,1,0,1,6,0,10,2026-06-25 17:05:57
1932317257033806080,,@msaid_didu Pemerintahan Prabowo ini kalau tidak mengambil keputusan tegas yakni mengganti semua kaki tangan Jokowi di kabinet nya jangan berharap pemerintahan nya berjalan sesuai harapan rakyatnya pak Prabowo hrs secepatnya mengganti kapolri Menlu Tito Karnavian si Luhut dll.,perintah prabowo tidak ambil putus tegas yakni ganti semua kaki tangan jokowi kabinet jangan harap perintah jalan suai harap rakyat pak prabowo harus cepat ganti kapolri menlu tito karnavian sih luhut dll,38,32,0,1,0,5,3,11,2026-06-25 17:05:57
1932316043957113027,,Isu Reshuffle Kabinet Kembali Menguat Pakar Sebut Presiden Prabowo Tak Perlu Takut Ganggu Stabilitas Politik https://t.co/m8tzRc3eha,isu reshuffle kabinet kembali kuat pakar sebut presiden prabowo tak perlu takut ganggu stabilitas politik,16,15,1,0,0,0,0,1,2026-06-25 17:05:58
1932312515641536685,,@susipudjiastuti @prabowo Saya juga percaya Bu. Apalagi kalo kroni Mulyono disingkirkan dari kabinet..,percaya bu apalagi kalau kroni mulyono singkir kabinet,13,8,0,2,0,3,1,1,2026-06-25 17:05:58
1932312039948697848,,@toe_giman Mestinya Presiden Prabowo lebih aware dg sepak terjang menteri2 nya yg justru bikin negara jd geger dan tdk kondusif. Reshufle pd kroni2 lama sangat perlu dilakukan agar terbentuk kabinet murni versi presiden Prabowo,mesti presiden prabowo aware dengan sepak terjang menteri yang justru bikin negara jadi geger tidak kondusif reshufle pada kroni lama perlu laku bentuk kabinet murni versi presiden prabowo,34,28,0,1,0,5,5,3,2026-06-25 17:05:58
1932310960045453820,,@geloraco Bikin rusak kabinet Prabowo...,bikin rusak kabinet prabowo,5,4,0,1,0,0,0,0,2026-06-25 17:05:58
1932301552691343468,,@NenkMonica si titot masih dipake aja udah paling bener kl emang Prabowo mau dihormati rakyat purge semua pejabat yg circle jkwi ganti dg para profesional yang ahli dibidang masing-masing utk menjalankan kabinet &amp; instansi pemerintahan scr menyeluruh,sih titot masih pakai saja sudah benar kalau memang prabowo mau hormat rakyat purge semua jabat yang circle jkwi ganti dengan profesional ahli bidang masingmasing untuk jalan kabinet amp instansi perintah cara seluruh,37,33,0,1,0,3,11,8,2026-06-25 17:05:59
1932293957620535474,,ERICK THOHIR Bukan Orang PRABOWO ERCK THOHIR Masuk ke KABINET MERAH PUTIH Berdssarkan Rekomendasi sang Mantan Pengelolaan BUMN Berjalan Tidak Sebagaimana Mestinya. simaklengkaprogrambocoraluspolitik di chanel yt.temoodotco dan spotify. https://t.co/P05mcozGYu,erick thohir bukan orang prabowo erck thohir masuk kabinet merah putih berdssarkan rekomendasi sang mantan kelola bumn jalan tidak bagaimana mesti simaklengkaprogrambocoraluspolitik chanel yttemoodotco spotify,29,25,1,0,0,3,1,3,2026-06-25 17:06:00
1932280071743779044,,@pras_erwan42068 @IrmansyahAdhy @aniesbaswedan @prabowo biarkan @aniesbaswedan bersama @PKSejahtera lalu tendang PKS dari kabinet ,biar sama tendang pks kabinet,13,5,0,6,0,2,0,2,2026-06-25 17:06:00
1932279299668906325,,@IrmansyahAdhy Saran saya ... Rangkul Pak @aniesbaswedan .. masukan ke kabinet menganti yg rusak rusak .. tendang mereka ... atau jika perlu rangkul anies mengantikan gibran sang perusak konstitusi ...cc @prabowo,saran rangkul pak masuk kabinet anti yang rusak rusak tendang perlu rangkul anies anti gibran sang usak konstitusi cc,31,19,0,3,0,5,1,4,2026-06-25 17:06:00
1932268499776520273,,Harta kekayaan selebritas yang memegang jabatan strategis di Kabinet Prabowo Subianto dan Gibran Rakabuming Raka ada yang menyentuh angka Rp 1 triliun. ~LL #Kekayaan #Selebritas #KabinetPrabowo https://t.co/GjIs1WLBhE,harta kaya selebritas pegang jabat strategis kabinet prabowo subianto gibran rakabuming raka ada sentuh angka rp triliun ll,27,18,1,0,3,4,0,4,2026-06-25 17:06:01
1932267627470291387,,Kabinet Prabowo Disebut Saling Lempar Batu Jhon Sitorus: Tidak Ada yang Bertanggungjawab soal Raja Ampat https://t.co/QkedFW4jjl,kabinet prabowo sebut saling lempar batu jhon sitorus tidak ada bertanggungjawab soal raja ampat,16,14,1,0,0,1,0,1,2026-06-25 17:06:01
1932267531190018303,,@geloraco Pak @prabowo pecat aja tito yg membuat rusuh kabinet anda,pak pecat saja tito yang buat rusuh kabinet,11,8,0,2,0,1,2,1,2026-06-25 17:06:01
1932262303073968516,,@NenkMonica menteri menteri ex jokowi tolong dikeluarkan dari kabinet Pak @prabowo,menteri menteri ex jokowi tolong keluar kabinet pak,11,8,0,2,0,1,0,1,2026-06-25 17:06:02
1932258630352711806,,Kami bagian dr rakyat bapak @prabowo sdh sangat lelah dan muak menyaksikan kekisruhan demi kekisruhan yg diakibatkan kebijakan sebelumnya dan staf (kabinet sebelumnya) bapak akan terus berupaya akan menutupinya.Selama bapak tdk tegas jgn berharap semuanya akan berakhir.,bagi dari rakyat bapak sudah lelah muak saksi kisruh demi kisruh yang akibat bijak belum staf kabinet belum bapak terus upaya menutupinyaselama bapak tidak tegas jangan harap semua akhir,37,29,0,1,0,7,5,12,2026-06-25 17:06:02
1932247625371353332,,Tapi kemarin ini kayaknya 2 hari pak menteri datang semua sudah ada hasilnya? Semua baik-baik saja katanya?? Kabinet Aneh dipimpin macan sirkus @prabowo #SaveRajaAmpat #indonesiagelap,tetapi kemarin kayak hari pak menteri datang semua ada hasil semua baikbaik kata kabinet aneh pimpin macan sirkus,25,18,0,1,2,3,1,4,2026-06-25 17:06:02
1932242773564182708,,Orang ini betul2 perlu dievaluasi keberadaannya di kabinet @prabowo,orang betul perlu evaluasi ada kabinet,9,6,0,1,0,2,0,2,2026-06-25 17:06:02
1932240833279074676,,Biangnya biang kebusukan polri ya ini @titokarnavian_. Dikasih jabatan menteri oleh @jokowi dan dititipkan dalam kabinet awal @prabowo apa gak bahaya?,biang biang busuk polri ya kasih jabat menteri titip kabinet awal enggak bahaya,21,13,0,3,0,5,1,5,2026-06-25 17:06:02
1932237255818805541,,@geloraco Kalau sudah tidak layak duduk menjadi Mentri hendaknya Pak Prabowo mengizinkan untuk istirahat panjang alias keluar dari kabinet merah putih,tidak layak duduk jadi tri hendak pak prabowo izin istirahat panjang alias keluar kabinet merah putih,21,16,0,1,0,4,0,4,2026-06-25 17:06:03
1932235401022132662,,@anfarizzat Kenapa kok Pak Prabowo lamban sekali &amp; ragu2 utk segera membersihkan kabinet nya dari Genk Solo ???...,kenapa kok pak prabowo lamban amp ragu untuk segera bersih kabinet genk solo,18,13,0,1,0,3,1,1,2026-06-25 17:06:03
1932233752802967956,,Pengamat politik sebut PDIP tetap dukung pemerintahan Prabowo meski di luar kabinet. #ThePhraseID #PDIP #Prabowo https://t.co/7Yl1Yeu1wM,amat politik sebut pdip tetap dukung perintah prabowo meski luar kabinet,16,11,1,0,3,1,0,2,2026-06-25 17:06:03
1932228561307632011,,@susipudjiastuti @prabowo Saya juga percaya bu @susipudjiastuti dgn kepemimpinan pak prabowo. Tp selama msh ada duri dalam kabinet yg lebih loyal ke sang RAJA saya jadi tidak yakin.,percaya bu dengan pimpin pak prabowo tapi masih ada duri kabinet yang loyal sang raja jadi tidak yakin,28,18,0,3,0,7,4,1,2026-06-25 17:06:03
1932227008114909530,,Seskab Teddy Indra Wijaya memastikan bahwa pertemuan Presiden Prabowo Subianto dengan Menteri Kesehatan Budi Gunadi Sadikin tidak berkaitan dengan isu perombakan kabinet. https://t.co/JXYYqpolsE,seskab teddy indra wijaya pasti bahwa temu presiden prabowo subianto menteri sehat budi gunadi sadikin tidak kait isu ombak kabinet,23,20,1,0,0,2,0,5,2026-06-25 17:06:03
1932225228366807392,,@kompascom masyarakat yg mana? yg di rujab bupati doang sama yg di kabinet prabowo aja kah?,masyarakat yang mana yang rujab bupati doang sama yang kabinet prabowo saja,16,12,0,1,0,3,4,0,2026-06-25 17:06:03
1932223790207090830,,Sekretaris Kabinet Letkol Teddy Indra Wijaya membantah tegas isu liar soal rencana pergantian Kapolri Jenderal Listyo Sigit Prabowo. https://t.co/L6Blr5PDmd,sekretaris kabinet letkol teddy indra wijaya ban tegas isu liar soal rencana ganti kapolri jenderal listyo sigit prabowo,19,18,1,0,0,0,0,2,2026-06-25 17:06:04
1932217700589457610,,@susipudjiastuti @prabowo Berharap sekali ibu Susi masuk kabinet ,harap ibu sus masuk kabinet,8,5,0,2,0,1,0,2,2026-06-25 17:06:04
1932210133054185640,,Presiden Prabowo harus segera mengganti posisi Pemimpin Kepolisian yg sejalan dengan Visi Misi kabinet Merah Putih. #KaPolri.🇮🇩🇮🇩. Rezim Listyo Sudah Berakhir Prabowo Harus Pilih Sendiri Calon Kapolri Baru https://t.co/2mk4tTbuaj #inilahcom #inilahdotcom via @inilahdotcom,presiden prabowo harus segera ganti posisi pimpin polisi yang jalan visi misi kabinet merah putih rezim listyo akhir prabowo harus pilih sendiri calon kapolri baru via,33,26,1,1,3,2,1,5,2026-06-25 17:06:04
1932174384174862430,,@susipudjiastuti @prabowo Bahlil bin bahlul biang masalah Kabinet @prabowo .,bahlil bin bahlul biang masalah kabinet,10,6,0,3,0,0,0,0,2026-06-25 17:06:04
1932129709447586246,,Bahlil Lahadalia Menteri ESDM kabinet Prabowo Gibran,bahlil lahadalia menteri esdm kabinet prabowo gibran,7,7,0,0,0,0,0,0,2026-06-25 17:06:04
1932119749779239160,,@Ary_PrasKe2 @Urrangawak @sami86pilang @PakKarti @NgkongRoses @Harakiri_14 @ferdinand_mpu @ch_chotimah2 @newIding30 @AntoniusCDN @BebySoSweet Dr awal penyusunan kabinet jg udah janggal. Koq bisa org yg sdh purnatugas masih memasukkan orang2nya di pemerintahan berikutnya. Ini adlh skenario penyanderaan. Ketika prabowo dianggap ganggu keamanan diri dn gengnya mrk acak2 negara ini lewat kebijakan menteri2 titipannya,dari awal susun kabinet juga sudah janggal kok bisa orang yang sudah purnatugas masih masuk orang perintah ikut adalah skenario sandera prabowo anggap ganggu aman diri dan geng mereka acak negara lewat bijak menteri titip,50,35,0,11,0,4,10,11,2026-06-25 17:06:04
1932113547305357790,,Perusak-perusak di kabinet Prabowo itu bukan individu yang berdiri sendiri-sendiri melainkan satu kelompok yang saling melindungi dan bekerja bersama-sama di bawah satu kepemimpinan yang bertujuan utama mewujudkan sipit raya,perusakperusak kabinet prabowo bukan individu diri sendirisendiri lain satu kelompok saling lindung kerja bersamasama bawah satu pimpin tuju utama wujud sipit raya,29,22,0,0,0,7,0,7,2026-06-25 17:06:05
1932098846211051960,,Halaah Imin aja skrg Menteri Koordinator Bidang Pemberdayaan Masyarakat (Menko PM) di Kabinet Merah Putih Prabowo Gibran https://t.co/3sHRxtXQr9,halaah imin saja sekarang menteri koordinator bidang daya masyarakat menko pm kabinet merah putih prabowo gibran,18,16,1,0,0,1,2,1,2026-06-25 17:06:05
1932094827220574289,,@BramustikaBisma @prabowo dengan peristiwa pengrusakan hutan lindung ini seharusnya menteri-menteri di kabinet bisa meng-evaluasi seperti menteri kehutanan dan menteri lingkungan hidup telah menyuarakan pendapatnya atas kerusakan ekosistem yang ditimbulkan https://t.co/MxtcQSy0a0,peristiwa rusa hutan lindung harus menterimenteri kabinet bisa evaluasi seperti menteri hutan menteri lingkung hidup suara dapat atas rusa ekosistem timbul,30,21,1,2,0,6,0,9,2026-06-25 17:06:06
1932088874358223191,,@DianSandiU @PDemokrat @PDI_Perjuangan Pak Sby tenang setelah mas Ahy diajak ke kabinet pak Jokowi lalu lanjut pak Prabowo. Bahagia ..,pak surabaya tenang mas ahy ajak kabinet pak jokowi lanjut pak prabowo bahagia,20,13,0,3,0,3,1,1,2026-06-25 17:06:06
1932086749603443161,,@badutdemokrasi @CNNIndonesia Hanif Faisol Nurofiq lahir 21 Maret 1971 adalah Menteri Lingkungan Hidup Indonesia sejak Oktober 2024 di Kabinet Merah Putih di bawah Presiden Prabowo Subianto. Ia lulus S1 dan S2 Kehutanan dari Universitas Lambung Mangkurat serta Doktor Ilmu Lingkungan dari Universitas,hanif faisol nurofiq lahir maret menteri lingkung hidup indonesia sejak oktober kabinet merah putih bawah presiden prabowo subianto ia lulus si si hutan universitas lambung mangkurat serta doktor ilmu lingkung universitas,42,31,0,2,0,6,2,3,2026-06-25 17:06:06
1932079622830919880,,@Pe_Enestee @DS_yantie @Kemdikdasmen @nadiemmakarim @Abe_Mukti @DPR_RI @prabowo Kita lagi nontonin tingkah polah kabinet merah putih ini smua fasilitas buat pejabat ngalir deras tiap Minggu KOMISARIS PE AQ nambah lagi di tarik masuk lalu mreka bikin lah ACTION PLAN yg make anggaran negara Pula hasil Meres pajak-lalu KORUPSI,lagi nontonin tingkah polah kabinet merah putih semua fasilitas buat jabat alir daras tiap minggu komisaris pe aku tambah lagi tarik masuk mereka bikin action plan yang pakai anggar negara pula hasil meres pajaklalu korupsi,47,35,0,7,0,5,8,5,2026-06-25 17:06:07
1932072171138142213,,@ethadisaputra @psi_id suruh saja sebut semua nama kementerian di kabinet Prabowo tanpa contekan pasti dia tidak bisa.,suruh sebut semua nama menteri kabinet prabowo tanpa contek pasti tidak bisa,17,12,0,2,0,3,0,2,2026-06-25 17:06:07
1932064145291030726,,@kompascom Menyokong kabinet gemuk prabowo dan pertamax oplosan,sokong kabinet gemuk prabowo pertamax oplos,8,6,0,1,0,1,0,2,2026-06-25 17:06:07
1932063251392790603,,Orang dekat Prabowo dan sejumlah petinggi partai pendukung pemerintah mengatakan semula presiden tak melirik Erick masuk kabinet. Ia menginginkan Rosan Roeslani memimpin Badan Usaha Milik Negara lewat Danantara. https://t.co/BHVKPMGrrI,orang dekat prabowo jumlah tinggi partai dukung perintah kata mula presiden tak lirik erick masuk kabinet ia ingin ros roeslani pimpin badan usaha milik negara lewat danantara,29,27,1,0,0,1,1,9,2026-06-25 17:06:07
1932063244774248725,,Di Kabinet Merah Putih serta di lingkaran dekat Prabowo Subianto Erick Thohir tidak dianggap sebagai orang presiden. #Tempo #komisaris #bumn #danantara #erickthohir https://t.co/74gyglPEMo,kabinet merah putih serta lingkar dekat prabowo subianto erick thohir tidak anggap bagai orang presiden,23,15,1,0,5,2,1,2,2026-06-25 17:06:07
1932058884195438837,,@NenkMonica @titokarnavian_ menteri di @kemendagri kabinet merah putih presiden gemoy @prabowo @Gerindra dgn wapres fu²fa² @gibran_tweet @jokowi pertanyaanya itu apa urgensinya ngotak-ngatik juridiksi wilayah? emangnya ngak ada kerjaan yg loe bisa lakukan yg lbh berguna drpd unfaedah tsb.,menteri kabinet merah putih presiden gemoy dengan wapres fu fa pertanyaanya urgensi ngotakngatik juridiksi wilayah memang enggak ada kerja yang lo bisa laku yang lebih guna daripada unfaedah sebut,38,28,0,7,0,3,10,7,2026-06-25 17:06:08
1932050905031188689,,Kalo captain price dkk ada di indo gue minta tangkepin semua pejabat kabinet nya prabowo termasuk prabowo dan keluarga mulyono. Biar kapok dihukum sama captain price,kalau captain price dkk ada indonesia gue minta tangkepin semua jabat kabinet prabowo masuk prabowo keluarga mulyono biar kapok hukum sama captain price,26,23,0,0,0,3,3,4,2026-06-25 17:06:09
1932049107318947907,,Nggak mungkin Prabowo mengganti Listyo Sigit karena sudah lama bergaul sejak era Jokowi. Yang betul Prabowo &amp; Gibran dilengserkan dulu. Baru mengganti kabinet dan perangkat lainnya. Sesuai dengan pemikiran Jokowi! https://t.co/q8048DimnP,enggak mungkin prabowo ganti listyo sigit lama gaul sejak era jokowi betul prabowo amp gibran lengser dahulu baru ganti kabinet perangkat lain suai pikir jokowi,31,25,1,0,0,5,3,6,2026-06-25 17:06:09
1932040535847637034,,Sudah ku duga dari Awal... Pemerintahan Prabowo Bakal di recokin oleh kabinet nya Yg di rekomen si Mulyono. Saat nya Prabowo ambil sikap tegas.. Jgn kawatir rakyat akan dukung penuh...kl berani singkirin Genk Oslo.,ku duga awal perintah prabowo bakal recokin kabinet yang rekomen sih mulyono prabowo ambil sikap tegas jangan khawatir rakyat dukung penuhkl berani singkirin genk oslo,34,25,0,0,0,9,4,1,2026-06-25 17:06:09
1932038130724646925,,@mardigu024 Kl blm msuk kabinet udh pst sah untuk dihentikan krn bkn programny prabowo..,kalau belum masuk kabinet sudah pasti sah henti karena bukan programny prabowo,14,12,0,1,0,1,7,1,2026-06-25 17:06:09
1932017986120102151,,@NenkMonica sebaiknya mantan mantan pembantu Jokowi di singkirkan dari kabinet Prabowo,baik mantan mantan bantu jokowi singkir kabinet prabowo,11,8,0,1,0,2,0,3,2026-06-25 17:06:10
1932015497983471873,,@msaid_didu 13 Oktober bukan sekadar tanggal itu hari penundukan . Surat perintah Jokowi Prabowo dipanggil ke Solo dan 45% kabinet berubah. Bukan transisi kekuasaan tapi operasi pengambilalihan. Mengerikan!,oktober bukan sekadar tanggal hari tunduk surah perintah jokowi prabowo panggil solo kabinet ubah bukan transisi kuasa tetapi operasi pengambilalihan keri,28,21,0,1,0,3,2,5,2026-06-25 17:06:10
1932011954492858478,,@Muslim_AntiPKI9 Semua mereka @luhut_binsar @bahlillahadalia @ListyoSigitP @budimuni98...dan Antek-antek Raja Jawa Bangsat @jokowi yg Masih ada dlm Kabinet Prabowo adalah Orang-orang Titipan ASENG dan ASING utk MENJAJAH INDONESIA. Mereka Semua Anjing keparat yg Harus di Musnahkan...,semua antekantek raja jawa bangsat yang masih ada dalam kabinet prabowo orangorang titip aseng asing untuk jajah indonesia semua anjing kafarat yang harus musnah,35,24,0,6,0,6,5,3,2026-06-25 17:06:10
1932011788226429215,,Pak @prabowo dan @DPR_RI dan Para Purnawirawan TNI yg peduli dgn rusaknya demokrasi kita oleh manusia l*knat perusak rasa kebathinan bangsa kita segera diwujudkan pemakzulan agar sebagian permasalahan bangsa ini bisa terselesaikan sebagian. Setelah itu baru resuffle kabinet.,pak purnawirawan tni yang peduli dengan rusak demokrasi manusia lknat usak rasa kebathinan bangsa segera wujud makzul bagi masalah bangsa bisa selesai bagi baru resuffle kabinet,38,26,0,2,0,10,2,8,2026-06-25 17:06:11
1931998529150767303,,Cak Imin udah ga peduli sama video ini udah masuk Kabinet Pak Prabowo. Lawak.,cak imin sudah enggak peduli sama video sudah masuk kabinet pak prabowo lawak,14,13,0,0,0,1,3,0,2026-06-25 17:06:11
1931984619135770633,,Erick Thohir masuk kabinet Prabowo berdasarkan rekomendasi Jokowi. Pengelolaan BUMN berjalan ugal-ugalan. Saksikan Bocor Alus Politik episode Minim Kuasa Erick Thohir di YouTube Tempodotco dan Spotify Bocor Alus Politik mulai hari Sabtu 7 Juni 2025 pukul 11:00. https://t.co/12OpiBWsPW,erick thohir masuk kabinet prabowo dasar rekomendasi jokowi kelola bumn jalan ugalugalan saksi bocor alus politik episode minim kuasa erick thohir youtube tempodotco spotify bocor alus politik mulai hari sabtu juni pukul,38,32,1,0,0,2,0,4,2026-06-25 17:06:11
1931968211236626862,,@CNNIndonesia Bnyk menteri goblok d kabinet Prabowo....,banyak menteri goblok ada kabinet prabowo,7,6,0,1,0,0,2,0,2026-06-25 17:06:11
1931964402661552226,,@Muslim_AntiPKI9 @prabowo Ayo @prabowo @Gerindra segera buang duri dlm kabinet merah putih krn sgt bahaya kedepan buat pemerintahan bapak tiga orang ini manusia serigala berbulu domba yg bgt loyal terhadap Mulyono,ayo segera buang duri dalam kabinet merah putih karena sangat bahaya depan buat perintah bapak tiga orang manusia serigala bulu domba yang banget loyal hadap mulyono,31,26,0,4,0,1,5,4,2026-06-25 17:06:12
1931947576364015664,,@BebySoSweet Unpopular opinion: memakzulkan @gibran_tweet cenderung akan menjadikan kondisi politik yang tidak stabil. Akan lebih baik jika @prabowo segera melakukan reshuffle kabinet copot Mentri yang kontraproduktif dan segera melakukan pemberangusan para koruptor. Itu lebih mendesak,unpopular opinion makzul cenderung jadi kondisi politik tidak stabil baik segera laku reshuffle kabinet copot tri kontraproduktif segera laku berangus koruptor desak,35,22,0,3,0,10,0,7,2026-06-25 17:06:12
1931937707057627196,,@papuamuslim08 Ini kabinet prabowo secara fisik orang2 nya ky dr kerak neraka semua,kabinet prabowo cara fisik orang kaya dari kerak neraka semua,13,10,0,1,0,2,2,1,2026-06-25 17:06:12
1931907978334277848,,Dua menteri dalam kabinet Presiden Prabowo Subianto yaitu Menteri Lingkungan Hidup (LH) Hanif Faisol Nurofiq dan Menteri ESDM Bahlil Lahadalia telah mengonfirmasi penambangan nikel di Pulau Gag Kabupaten Raja Ampat Papua Barat Daya diperbolehkan. https://t.co/ok4PcHEyPf.,dua menteri kabinet presiden prabowo subianto yaitu menteri lingkung hidup lah hanif faisol nurofiq menteri esdm bahlil lahadalia konfirmasi tambang nikel pulau enggak kabupaten raja ampat papua barat daya boleh,35,30,1,0,0,4,2,4,2026-06-25 17:06:12
1931891566467277102,,@BebySoSweet Presiden Prabowo hanya bayangan yg asli nya Jokowi tengok wakil presiden nya siapa sebagaian menteri yg di kabinet masih menteri nya siapa belum yg lain nya jadi jangan heran Indonesia ekonomi nya kayak gini jadi Jokowi tiga periode itu memang betul ,presiden prabowo bayang yang asli jokowi tengok wakil presiden bagai menteri yang kabinet masih menteri belum yang lain jadi jangan heran indonesia ekonomi kayak begini jadi jokowi tiga periode memang betul,42,31,0,1,0,10,4,2,2026-06-25 17:06:13
1931887276851880147,,Yth presiden Prabowo Veteran Pejuang sdh membebaskan RI dari penjajah Hasilnya Indonesia MERDEKA lalu Bpk jadi presiden TUGAS Bpk -Tembak mati semua koruptor -Penjarakan PERUSAK KONSTITUSI -Singkirkan manusia LICIK CULAS PENJILAD di kabinet Jenderal Prabowo PASTI BISA,yth presiden prabowo veteran juang sudah bebas ri jajah hasil indonesia merdeka bpk jadi presiden tukas bpk tembak mati semua koruptor penjara usak konstitusi singkir manusia licik culas penjilad kabinet jenderal prabowo pasti bisa,37,34,0,0,0,3,2,7,2026-06-25 17:06:13
1931885177854394705,,@Muslim_AntiPKI9 Kalau Luhut dan jendral yg dulu selalu menghina Prabowo masih dipakai di kabinet saat ini jangan merasa bangga itu cara elegan Prabowo menghukum Mereka menjadikannya sebagai pembantu Presiden kalau mereka masih punya rasa malu segera undur diri,luhut jenderal yang dahulu selalu hina prabowo masih pakai kabinet jangan rasa bangga cara elegan prabowo hukum jadi bagai bantu presiden masih punya rasa malu segera undur diri,38,28,0,1,0,9,4,6,2026-06-25 17:06:13
1931881546086023212,,Sekretaris Kabinet (Seskab) Teddy Indra Wijaya membantah isu liar menyebutkan Kapolri Jenderal Listyo Sigit Prabowo akan diganti. #mdkbl https://t.co/d7jZpT53NM,sekretaris kabinet seskab teddy indra wijaya ban isu liar sebut kapolri jenderal listyo sigit prabowo ganti,19,16,1,0,1,1,0,3,2026-06-25 17:06:13
1931880531203154369,,@republikaonline KISMAN Mensinyalir Adanya Geng Kabinet &amp; Pemerintah Yang Beharap Presiden Prabowo Tidak Menjabat Dua Priode https://t.co/wsJGhCip6u,kisman sinyalir ada geng kabinet amp perintah beharap presiden prabowo tidak jabat dua priode,17,14,1,1,0,1,0,4,2026-06-25 17:06:14
1931873751341383984,,Teddy Indra Wijaya Sekretaris Kabinet RI terlihat aktif mendampingi Presiden Prabowo dalam kunjungan kehormatan PM Australia Anthony Albanese. https://t.co/toOcimHua0,teddy indra wijaya sekretaris kabinet ri lihat aktif damping presiden prabowo kunjung hormat pm australia anthony albanese,19,17,1,0,0,1,0,4,2026-06-25 17:06:14
1931871452648943867,,KISMAN Mensinyalir Adanya Geng Kabinet &amp; Pemerintah Yang Beharap Presiden Prabowo Tidak Menjabat Dua Priode https://t.co/wsJGhCip6u https://t.co/ueEytD8dmu,kisman sinyalir ada geng kabinet amp perintah beharap presiden prabowo tidak jabat dua priode,17,14,2,0,0,1,0,4,2026-06-25 17:06:14
1931844901886718006,,@kebo_ijo_reborn PDIP yang berada di posisi Ketua DPR tidak mungkin tinggal diam Wan Pasti akan sodorkan nama dan tentunya kalau PDIP masuk di pemerintahan maka bisa membendung kekuatan geng solo yang ada di kabinet. dan itu sekarang yang dibutuhkan Prabowo untuk kedepannya.,pdip ada posisi ketua dpr tidak mungkin tinggal diam wan pasti sodor nama tentu pdip masuk perintah bisa bendung kuat geng solo ada kabinet sekarang butuh prabowo depan,42,28,0,1,0,13,0,8,2026-06-25 17:06:14
1931834010071925234,,Sekian kali para menteri kabinet merah putih melakukan pelanggaran luar biasa. Semua omonhan @prabowo hanya bualan 100%. So apa yg kalian harapkan dr omongna dusta prabowo yg hanya obral kata2.koruptor besar-besaran perusakan alam luar biasa,kian kali menteri kabinet merah putih laku langgar luar biasa semua omonhan bual sok yang kalian harap dari omongna dusta prabowo yang obral katakoruptor besarbesaran rusa alam luar biasa,35,29,0,1,0,4,5,5,2026-06-25 17:06:15
1931740880173674717,,Cc pak @prabowo Orang orang jujur dan berintegritas seperti RR dan FB sudah tiada tapi kata katanya masih hidup Segera pak benahi kabinet ,cc pak orang orang jujur integritas seperti rr fb tiada tetapi kata kata masih hidup segera pak benah kabinet,23,19,0,1,0,3,1,3,2026-06-25 17:06:16
1931728997827903799,,Nonton Q&amp;A Menakar Menaker di @Metro_TV Membayangkan kabinet pak @prabowo lebih banyak diisi teknokrat seperti Beliau Ngasih tugas pada orang yg sesuai kompetensinya tentu enak Sebaliknya akan kacau jika seorang bankir disuruh urus dunia kesehatan misalnya~,tonton qampa takar menaker bayang kabinet pak banyak isi teknokrat seperti beliau asih tukas orang yang suai kompetensi tentu enak balik kacau orang bankir suruh urus dunia sehat misal,36,29,0,2,0,5,5,11,2026-06-25 17:06:16
1931709593035612619,,@CNNIndonesia Pejabat kabinet prabowo sama bangsatnya semua saling menutupi aib biadab. ada kerusuhan pejabat2 model begini yg bakal dimatikan rakyat. ,jabat kabinet prabowo sama bangsat semua saling tutup aib biadab ada rusuh jabat model begini yang bakal mati rakyat,20,19,0,1,0,0,1,6,2026-06-25 17:06:16
1931685674069152167,,@Anak__Ogi Sejarah Presiden RI terpilih Jenderal Purn Prabowo Subianto tdk spt presiden lain di dunia &amp; di Indonesia. Scr protokoler msh perkenankan ex presiden cawe2 angkat ex pembantu2nya masuk dlm kabinet dlm jumlah banyak. Jgn dibalas kebaikan dgn air tubah sepaket kualat choi.,sejarah presiden ri pilih jenderal purn prabowo subianto tidak seperti presiden lain dunia amp indonesia cara protokoler masih kenan ex presiden cawe angkat ex bantu masuk dalam kabinet dalam jumlah banyak jangan balas baik dengan air tubah paket kualat choi,43,40,0,1,0,2,8,7,2026-06-25 17:06:17
1931678921030000674,,Menteri dari PAN ini yg ngomong ? Bangsyatt kalian..Pak Prabowo tindak tegas orang2 yg problematik di Kabinet Bapak. #SaveRajaAmpat #SaveRajaAmpat @prabowo @bang_dasco,menteri kapan yang omong bangsyatt kalianpak prabowo tindak tegas orang yang problematik kabinet bapak,22,14,0,2,2,3,4,1,2026-06-25 17:06:17
1931676387414565254,,@DAUNKERING1998 @democrazymedia Yang mendasar saja ya 1. Gibran dipilih rakyat sebagai wapres. 2. Bobby dipilih rakyat sebagai gubernur 3. Rumah Jokowi selalu ramai didatangi warga. 4. Menteri2 di kabinet Prabowo sebagian besar atas petunjuk Jokowi. 5. Beberapa daerah membuat patung Jokowi,dasar ya gibran pilih rakyat bagai wapres bobby pilih rakyat bagai gubernur rumah jokowi selalu ramai datang warga menteri kabinet prabowo bagi besar atas tunjuk jokowi beberapa daerah buat sipatung jokowi,41,31,0,2,0,3,3,7,2026-06-25 17:06:17
1931665542739591622,,Bocor Alus Politik edisi Erick Thohir yg Sabtu kemarin memperkuat adamya benang merah kenapa kemudian Pak Prabowo diangkat jadi Dewan Kehormatan PSSI sementara posisi ET di Kabinet mulai terancam. https://t.co/qgdJhgoJ9E,bocor alus politik edisi erick thohir yang sabtu kemarin kuat adamya benang merah kenapa pak prabowo angkat jadi dewan hormat pssi sementara posisi et kabinet mulai ancam,30,27,1,0,0,2,1,4,2026-06-25 17:06:18
1931656532221141082,,@CNNIndonesia Adakah mentri di kabinet pak Prabowo ini orang yg pintar punya otak dan hati nurani buat rakyat,ada tri kabinet pak prabowo orang yang pintar punya otak hati nurani buat rakyat,18,14,0,1,0,3,1,2,2026-06-25 17:06:18
1931650096761868365,,Masuk Koalisi Prabowo PDIP Tetap Sulit Singkirkan Warisan Jokowi di Kabinet https://t.co/3PaxGpVHfb,masuk koalisi prabowo pdip tetap sulit singkir waris jokowi kabinet,12,10,1,0,0,1,0,2,2026-06-25 17:06:18
1931649733229162715,,@detikcom Kabinet Zaken nya Prabowo,kabinet zaken prabowo,5,3,0,1,0,1,0,0,2026-06-25 17:06:18
1931648730165633287,,@msaid_didu Masak pak Prabowo kalah Ama Bahlil ya... Cepat di sikat pak orang2 Jokowi dari kabinet anda.. termasuk di Luhut..,masak pak prabowo kalah hama bahlil ya cepat sikat pak orang jokowi kabinet masuk luhut,20,15,0,1,0,4,1,1,2026-06-25 17:06:18
1931638358473859301,,@KangManto123 Menteri ini gimana sih tambangnya jelas2 ada trus mau ditutup atau ga ya tergantung pemeriksaan terhadap dampak lingkungannya ngapain tanya ibu2 g jelas gitu.... ini menterinya pak @prabowo sangat melecehkan intelektual kabinet kenapa bisa jadi menteri sih yg kayak gini..,menteri bagaimana sih tambang jelas ada terus mau tutup enggak ya gantung periksa hadap dampak lingkung kapai tanya ibu enggak jelas begitu menteri pak leceh intelektual kabinet kenapa bisa jadi menteri sih yang kayak begini,41,35,0,2,0,4,8,9,2026-06-25 17:06:19
1931637971352174953,,@6ur3ckv4n8345 Ya setuju. Copot Bahlil menteri tak berprestasi di Kabinet Prabowo #AdaAguanDiRajaAmpat #AdaAguanDiRajaAmpat Bahlil Raja Juli layak dimakzulkan #2025JokowiGibranTamat,ya tuju copot bahlil menteri tak prestasi kabinet prabowo bahlil raja juli layak makzul,19,14,0,1,3,1,0,3,2026-06-25 17:06:19
1931625856142802986,,Memang kabinet jokowi dan prabowo itu menjijikan sama kaya buzer2nya macam babi !,memang kabinet jokowi prabowo jijik sama kayak buzernya macam babi,13,10,0,0,0,2,1,1,2026-06-25 17:06:19
1931623502106538175,,@susipudjiastuti @prabowo Zaman Joko dulu waktu satu kabinet ko ngga ada yg ribut ya mak ? https://t.co/3Zsx4YSLf0,zaman joko dahulu satu kabinet kok enggak ada yang ribut ya mak,17,12,1,2,0,1,4,0,2026-06-25 17:06:19
1931515516134604879,,@CNNIndonesia Nih anjing penjilat Culas Juga Rakus selalu bawa2 Asing PADAHAL orang2 model ini YG merusak negara ini dengan segala KELICIKAN DAN KESERAKAHANnya..tolong pak @prabowo tendang orang model Bahlil ini dari kabinet anda sebelum negara ini bener2 hancur dibuatnya,nih anjing jilat culas rakus selalu bawa asing padahal orang model yang rusak negara segala kelici keserakahannyatolong pak tendang orang model bahlil kabinet negara benar hancur buat,39,27,0,2,0,10,2,4,2026-06-25 17:06:20
1931512384071577948,,Sekretaris Kabinet Teddy Indra Wijaya menegaskan bahwa undangan resmi kepada Presiden Prabowo untuk hadir di KTT G7 2025 merupakan bentuk apresiasi global terhadap peran Indonesia dalam kancah geopolitik dunia. https://t.co/i4P27TQiIB,sekretaris kabinet teddy indra wijaya tegas bahwa undang resmi kepada presiden prabowo hadir ktt enggak rupa bentuk apresiasi global hadap peran indonesia kancah geopolitik dunia,30,25,1,0,0,3,1,4,2026-06-25 17:06:20
1931510874902245690,,@NarasiNewsroom Selama Kaki Tangan Jokowi di Kabinet Prabowo tidak di Singkirkan Pengrusakan Alam di seluruh Indonesia akan terus Berlanjut.,kaki tangan jokowi kabinet prabowo tidak singkir rusa alam seluruh indonesia terus lanjut,19,13,0,1,0,5,0,3,2026-06-25 17:06:20
1931507593702481986,,Menteri dari @PDemokrat Fokus Kerja Reshuffle Kabinet Hak Prerogatif Presiden @prabowo https://t.co/Ll9FmmMG2u,menteri fokus kerja reshuffle kabinet hak prerogatif presiden,12,8,1,2,0,1,0,0,2026-06-25 17:06:20
1931506197141803151,,Sudah Saatnya Prabowo Evaluasi Kabinet Pengamat Soroti soal PHK Ekonomi dan Penanganan Kemiskinan #TribunKaltim #Prabowo #ReshuffleKabinet https://t.co/QsUfkL90Pu lewat @tribunnews,saat prabowo evaluasi kabinet amat sorot soal phk ekonomi tangan miskin lewat,19,12,1,1,3,2,0,5,2026-06-25 17:06:20
1931495946380272028,,@antaranews @prabowo kabinet anda diisi oleh org2 jokowi. Semua cita2 anda jalan ditempat. Org2 titipan ini hanya mencari kekayaan utk dirinya n genk mereka saja. Alam dirusak hasil tambang tak ada satupun masuk ke PAD or Pendapatan Negara. Rakyat sedih maka karma itu akan Segera turun,kabinet isi orang jokowi semua cita jalan tempat orang titip cari kaya untuk diri genk alam rusak hasil tambang tak ada satu masuk pad orang dapat negara rakyat sedih karma segera turun,46,32,0,2,0,11,4,9,2026-06-25 17:06:20
1931479039908422112,,@RasyaVira12 Kabinet bawah kendali presiden prabowo langsung tanggap soal tambang raja ampat penegakan hukum dan evaluasi izin dijalankan bareng-bareng #TegasTanganiRajaAmpat,kabinet bawah kendali presiden prabowo langsung tanggap soal tambang raja ampat tega hukum evaluasi izin jalan barengbareng,20,17,0,1,1,1,0,2,2026-06-25 17:06:21
1931458097341710799,,@DS_yantie KABINET OBESITAS nya @ prabowo 98% di isi oleh orang - orang AHLI OLAH-OLAH dari Olah kata hingga OLAH DAYA TIFU MENIFU RAKYAT JELATA hingga TITIK SUHU DIBAWAH NOL ( alias super melatrat) itulah fakta &amp; realita yg tidak lagi perlu di PERJELAS..,kabinet obesitas prabowo isi orang orang ahli olaholah olah kata hingga olah daya tifu menifu rakyat jelata hingga titik suhu bawah nol alias super melatrat itu fakta amp realita yang tidak lagi perlu jelas,44,34,0,1,0,5,1,3,2026-06-25 17:06:21
1931450261157155168,,di italia ada berlusconi sukses bangun citra lewat AC Milan dan jadi Perdana Menteri. di Indonesia ada Erick Thohir eks bos Inter Milan kini Ketua PSSI dan bagian kabinet Prabowo. Sepak bola jadi batu loncatan ke puncak kekuasaan.,italia ada berlusconi sukses bangun citra lewat ac mil jadi perdana menteri indonesia ada erick thohir eks bos inter mil kini ketua pssi bagi kabinet prabowo sepak bola jadi batu loncat puncak kuasa,38,33,0,0,0,5,0,5,2026-06-25 17:06:22
1931431432809066997,,Koruptor OCCRP pemalsu ijazah jd utusan Presiden. Pencaci maki dijadikan jubir presiden. Basa Inggris goblok diangkat jd Menlu. Doktor2 pintar orang2 hebat dianggap tak berdaulat tdk punya tempat di pemerintahan. Kabinet Prabowo #2025JokowiGibranTamat #2025JokowiGibranTamat https://t.co/SPuEuyl3tM,koruptor occrp palsu ijazah jadi utus presiden caci maki jadi jubir presiden bahasa inggris goblok angkat jadi menlu doktor pintar orang hebat anggap tak daulat tidak punya tempat perintah kabinet prabowo,35,31,1,0,2,1,4,8,2026-06-25 17:06:22
1931412967066845384,,@gusnediap @OposisiCerdas saatnya desak presiden prabowo tendang keluar @PKSejahtera dari kabinat jng biarkan ada ular tixin dalam kabinet,saat desak presiden prabowo tendang keluar kabinat jangan biar ada ular tixin kabinet,18,13,0,3,0,2,1,2,2026-06-25 17:06:22
1931368246684565701,,@Boediantar4 Pecat @ListyoSigitP Kapolri Brengsek..!!! Bersihkan Kabinet Prabowo dari Antek-antek Bangsat @jokowi...!!! Masyarakat Siap Angkat SENJATA melawan @jokowi dan Antek-anteknya #2025JokowiGibranTamat #2025JokowiGibranTamat,pecat kapolri berengsek sih kabinet prabowo antekantek bangsat masyarakat siap angkat senjata lawan antekanteknya,22,14,0,4,2,2,1,2,2026-06-25 17:06:23
1931361566030770265,,Mr @prabowo pecat @bahlillahadalia dari kabinet anda. Semua loyalis Mulyono pecat. Mereka akan jadi duri dalam daging di Pemerintahan anda.,mr pecat kabinet semua loyalis mulyono pecat jadi duri daging perintah,20,11,0,2,0,7,0,1,2026-06-25 17:06:23
1931347951106080803,,@KangManto123 Kabinet prabowo goblok bobrok semua anjingggg bangsaaat,kabinet prabowo goblok bobrok semua anjingggg bangsaaat,8,7,0,1,0,0,0,0,2026-06-25 17:06:23
1931340923772039460,,@v4nc1_b0zz @kkpgoid @susipudjiastuti Iya bu seharusnya orang kayak bu Susi ada di Kabinet Prabowo,iya bu harus orang kayak bu sus ada kabinet prabowo,14,10,0,3,0,1,0,2,2026-06-25 17:06:23
1931335150237036995,,Makanya segera ganti Menteri yg saat ini dititipkan dan masih duduk di Kabinet nya Prabowo ..... be carefull !,makanya segera ganti menteri yang titip masih duduk kabinet prabowo be carefull,19,12,0,0,0,5,1,1,2026-06-25 17:06:24
1931334621821800932,,@susipudjiastuti @prabowo Ijin sejak 2017 ntah siapa presiden saat itu. Ini analisis saya dari korupsi hingga tambang di Raja Ampat saat ini--terkesan akan memojokkan pak presiden @prabowo pak presiden segera ambil tindakan sikat semua mereka yg telah merusak termsk di tubuh kabinet merah putih.,ijin sejak entah presiden analisis korupsi hingga tambang raja ampat initerkesan pojok pak presiden pak presiden segera ambil tindak sikat semua yang rusak termsk tubuh kabinet merah putih,44,28,0,3,0,12,2,3,2026-06-25 17:06:24
1931330208629469635,,@susipudjiastuti Selama org2 jkwi masi di kabinet pak prabowo Dan pak prabowo ga berani memecat mereka kasus2 semacam ini akan terus terjadi,orang jkwi masih kabinet pak prabowo pak prabowo enggak berani pecat kasus macam terus jadi,22,15,0,1,0,6,3,3,2026-06-25 17:06:24
1931325776022081874,,@KangManto123 Kabinet @prabowo di isi oleh org2 yg menghancurkan marwahnya sbg presiden RI. Sy sngt berharap presiden @prabowo sadar dan memecat spt Bahlil Budi arie ara Luhut ...sebelum kapal ini tengelam oleh kelakuan mrk,kabinet isi orang yang hancur marwahnya bagai presiden ri saya sangat harap presiden sadar pecat seperti bahlil budi arie ara luhut kapal tengelam laku mereka,34,25,0,3,0,6,7,5,2026-06-25 17:06:25
1931324599980994746,,bahwa akan ada perombakan kabinet untuk meningkatkan efektivitas pemerintahan. #reshuffle #presidenri #prabowo #mentri #petinggipartai #politik #kuatbacacom #connectingideas,bahwa ada ombak kabinet tingkat efektivitas perintah,17,7,0,0,8,2,0,3,2026-06-25 17:06:25
1931324561351745936,,partainya masih di luar kabinet sehingga isu tersebut tidak relevan bagi PDIP. Ketua Umum Partai Golkar Bahlil Lahadalia menyerahkan sepenuhnya keputusan reshuffle kepada Presiden Prabowo dan enggan berkomentar karena itu adalah hak prerogatif presiden. Sekretaris Jenderal-,partai masih luar kabinet sehingga isu tidak relevan bagi pdip ketua umun partai golkar bahlil lahadalia serah sepenuh putus reshuffle kepada presiden prabowo enggan komentar hak prerogatif presiden sekretaris jenderal,36,30,0,0,0,6,1,5,2026-06-25 17:06:25
1931324559048978712,,Isu reshuffle Kabinet Merah Putih di pemerintahan Presiden Prabowo Subianto semakin santer dan mendapat respons dari berbagai pihak termasuk menteri petinggi partai dan Istana. PDIP melalui juru bicaranya Guntur Romli menyatakan belum mengetahui soal reshuffle dan menegaskan- https://t.co/pGf0ZvIGFk,isu reshuffle kabinet merah putih perintah presiden prabowo subianto makin santer dapat respons bagai pihak masuk menteri tinggi partai istana pdip lalu juru bicara guntur romli nyata belum tahu soal reshuffle tegas,38,32,1,0,0,5,2,9,2026-06-25 17:06:25
1931322126881210776,,@trizsutrisno2 @TeddGus @jokowi @prabowo @gibran_tweet Wajarlah ketika kami melihat negara ini tidak menuju perbaikan Hanya dikuasai segelintir orang yg serakah wajar kami minta janji janji kemarin penegakan hukum tanpa tebang pilih koruptor dihukum Langkah pertama bersihkan kabinet dari orang pakde bisa gak? Ya gak bisa.satu kolam,wajar lihat negara tidak tuju baik asai gelintir orang yang serakah wajar minta janji janji kemarin tega hukum tanpa tebang pilih koruptor hukum langkah pertama sih kabinet orang pakde bisa enggak ya enggak bisasatu kolam,46,35,0,5,0,6,4,10,2026-06-25 17:06:26
1931312704167501840,,@KangManto123 saya juga dan sampai saat ini orang orang seperti ini masih dipertahankan di kabinet Prabowo,sampai orang orang seperti masih tahan kabinet prabowo,16,8,0,1,0,7,0,1,2026-06-25 17:06:26
1931311541795848231,,Karna Paroro @prabowo melanjutkan @jokowi. Mknya Sibahlul @bahlillahadalia tetap dlm kabinet Paroro.,karena paroro lanjut makanya sibahlul tetap dalam kabinet paroro,12,9,0,3,0,0,3,1,2026-06-25 17:06:26
1931309316763681051,,@Dharma_tc @sami86pilang KABINET YANG TERBITKAN TAMBANG NIKEL DI RAJA AMPAT BAHLIL BELUM JADI MENTERI YANG JADI MENTERI ENERGI DAN SUMBER DAYA MINERAL SUDIRMAN SAID DAN RINI SUMARNO JADI MENTERI BUMN BGMN PUN ORANG YANG PALING BERTANGGUNG JAWAB PRABOWO https://t.co/dTrLZjnK9d,kabinet terbit tambang nikel raja ampat bahlil belum jadi menteri jadi menteri energi sumber daya mineral sudirman sayid rini sumarno jadi menteri bumn bagaimana orang tanggung jawab prabowo,39,28,1,2,0,8,2,2,2026-06-25 17:06:27
1931302940184129758,,Ijazah Jokowi palsu.yg bikin ijazahnya Mantan Rektor PRATIKNO YG SKRG DI ANGKAT Jokowi jadi Menteri Di kabinet Prabowo.Pratikno harus di seret ke meja hijau.,ijazah jokowi palsuyg bikin ijazah mantan rektor pratikno yang sekarang angkat jokowi jadi menteri kabinet prabowopratikno harus seret meja hijau,24,20,0,0,0,4,2,1,2026-06-25 17:06:27
1931298289409822762,,@CNNIndonesia Pak Prabowo....ternak Mulyono/Jokowi yang sekarang ada di kabinet mu tolong di buang pak. Bikin semak di mata masyarakat Indonesia. Bahlul Erlangga Tito Budi arie Listyo Raja Firaun juli G da guna orang² itu malah perusak negara.,pak prabowoternak mulyonojokowi sekarang ada kabinet mu tolong buang pak bikin simak mata masyarakat indonesia bahlul erlangga tito budi arie listyo raja firaun juli enggak sudah guna orang malah usak negara,37,31,0,1,0,5,3,2,2026-06-25 17:06:28
1931295321830851024,,Bagaimana sikap anda pak @prabowo trhadap anak buah anda yg kabur lewat pintu belakang..? Apa manfaatnya ASTA CITA yg bapak gaungkan selama Kabinet anda tdk menendang keluar para oligarki titipan Jokowi. Semua yg bapak katakan dalam ASTA CITA hanya RETORIKA tanpa AKSI https://t.co/2d9VoIBRUI,sikap pak trhadap anak buah yang kabur lewat pintu belakang manfaat asta cita yang bapak gaung kabinet tidak tendang keluar oligarki titip jokowi semua yang bapak kata asta cita retorika tanpa aksi,43,32,1,1,0,9,4,5,2026-06-25 17:06:28
1931293530133090608,,@msaid_didu @prabowo jangan pernah pakai org ini di kabinet anda... biatkan dia non job aja.... perusak bangsa. ...,jangan pernah pakai orang kabinet biat non job saja usak bangsa,18,11,0,2,0,4,2,2,2026-06-25 17:06:28
1931292029511983210,,Utang Budi Prabowo terhadap Jokowi sangat besar sehingga banyak budi masuk Kabinet Prabowo: Budi Gunawan Budi Arie Budi Gunadi. Budi Arie dan Budi Gunadi sedang dililit dugaan korupsi #2025JokowiGibranTamat #2025JokowiGibranTamat https://t.co/OS9TverqB5,utang budi prabowo hadap jokowi besar sehingga banyak budi masuk kabinet prabowo budi gunawan budi arie budi gunadi budi arie budi gunadi lilit duga korupsi,31,25,1,0,2,3,0,3,2026-06-25 17:06:29
1931285369259258245,,Konon pak Erick Thohir (ET) mulai disingkirkan pengaruhnya dari jajaran kabinet pak @prabowo bener gak sih mindra @Gerindra ? #ErickTohir,konon pak erick thohir et mulai singkir pengaruh jajar kabinet pak benar enggak sih mindra,20,15,0,2,1,1,2,3,2026-06-25 17:06:29
1931283883682599237,,Mengapa Presiden Prabowo mengalah para Menteri era Jokowi masuk di kabinet nya.? Politik Prabowo setlah masuk jaringan kabinet baru tabur jaring satu persatu orang2 Jokowi dengan mudahnya terperangkap jaring kasus korupsi dan terakhir baru Jokowi kelas kakap nya https://t.co/NBapI8rPvY,presiden prabowo kalah menteri era jokowi masuk kabinet politik prabowo set masuk jaring kabinet baru tabur jaring satu satu orang jokowi mudah perangkap jaring kasus korupsi akhir baru jokowi kelas kakap,39,31,1,0,0,7,0,7,2026-06-25 17:06:29
1931276586059219413,,PM Mark Carney Telepon Langsung Presiden Prabowo Undang Hadiri KTT G7 https://t.co/2598oVOmFw,pm mark carney telepon langsung presiden prabowo undang hadir ktt enggak,12,11,1,0,0,0,1,1,2026-06-25 17:06:30
1931273267429736641,,Iya bangsa besar. Besar kemiskinan nya besar penganggurannya besar jumlah kabinet nya dan kasus korupsi nya. Ok gas...ok gas @prabowo,iya bangsa besar besar miskin besar anggur besar jumlah kabinet kasus korupsi ok gasok gas,20,15,0,1,0,4,0,2,2026-06-25 17:06:30
1931272332649099382,,@dosenkesmas Sukses berat tuh para pejabat kemenkes yg sudah berdinas puluhan tahun di kemenkes tapi sampai 2025 jargon kesehatan kabinet Prabowo bidang kesehatan transformasi malahan yg dikerjakan kemenkes pakai dana apbn 2025 trilyunan program lungsuran dari rejim lama,sukses berat tuh jabat kemenkes yang dinas puluh tahun kemenkes tetapi sampai jargon sehat kabinet prabowo bidang sehat transformasi malah yang kerja kemenkes pakai dana apbn trilyunan program lungsur rezim lama,38,31,0,1,0,4,4,8,2026-06-25 17:06:31
1931271101331489183,,@Ary_PrasKe2 @AntoniusCDN @BiLLRaY2019 @GM_Warrios @jhonsitorus_19 @seruanhl @S4N_W1B1 @Rasta_Qhilo @PakKarti @Opposisi6890 @newIding30 semua titipan mulyono kabinet Over Wieght @prabowo perlu dirampingkan terlalu gemuk tidak baik untuk kesehatan https://t.co/nrvHlrOgUw,semua titip mulyono kabinet over wieght perlu ramping terlalu gemuk tidak baik sehat,27,13,1,12,0,1,0,3,2026-06-25 17:06:31
1931270968279707754,,Analis komunikasi politik dari Universitas Paramadina Hendri Satrio atau Hensa menilai setelah Dasco bertemu Megawati arah peta politik PDIP masih sama yaitu tetap mendukung pemerintahan Presiden Prabowo Subianto di luar kabinet. https://t.co/bFrOUIdEvo,analis komunikasi politik universitas paramadina hendri satrio hensa nilai dasco temu megawati arah peta politik pdip masih sama yaitu tetap dukung perintah presiden prabowo subianto luar kabinet,32,27,1,0,0,4,0,4,2026-06-25 17:06:32
1931266015150907713,,@kompascom Jangan kasih ampun. Hukum mati jalanan ajach gweh dukung wahai rakyat papua bertarunglah atas si Bahlul antek2 asing biadab penyusup di kabinet @prabowo,jangan kasih ampun hukum mati jalan ajach gweh dukung wahai rakyat papua tarung atas sih bahlul antek asing biadab susup kabinet,24,21,0,2,0,1,1,3,2026-06-25 17:06:33
1931261457859268985,,@Mdy_Asmara1701 bukan sementara tapi haru tutup pak @bahlillahadalia @prabowo karena sudah jelas rusak semua. hari ini tidak ada yang bisa disembunyikan. apa yang terjadi di papua di pantau oleh seluruh indonesia bahkan dunia. tunjukkan kalau kabinet kali ini pro rakyat kecil.,bukan sementara tetapi harus tutup pak jelas rusak semua hari tidak ada bisa sembunyi jadi papua pantau seluruh indonesia bahkan dunia tunjuk kabinet kali pro rakyat kecil,41,27,0,3,0,11,2,3,2026-06-25 17:06:33
1931256594630946896,,Amien Rais: Singkirkan Menteri Loyalis Jokowi dari Kabinet Prabowo Berita lengkapnya klik disini : https://t.co/OKWqCCZPY7 https://t.co/6YP0oOsRau,amin rais singkir menteri loyalis jokowi kabinet prabowo berita lengkap klik sini,16,12,2,0,0,1,1,3,2026-06-25 17:06:33
1931255384360227128,,Yg maju bela ijazah jokowi dg yg bela budol itu2 juga orgnya bukan ybs langsung yg menghadapi jadi ini sdh tersusun dg sistematis anasirnya utk merusak negeri ini demi memanjakan cukong2 kroni yg begini knp masih diberi ruang di kabinet mr @prabowo @sjafriesjams @bang_dasco? https://t.co/3ELIvEjrMH,yang maju bela ijazah jokowi dengan yang bela budol orgnya bukan ybs langsung yang hadap jadi sudah susun dengan sistematis anasir untuk rusak negeri demi manja cukong kroni yang begini kenapa masih beri ruang kabinet mr,45,36,1,3,0,5,9,6,2026-06-25 17:06:33
1931253108853854664,,@TeddGus @prabowo @gibran_tweet Berdasarkan hukum ekonomi... Siapa yang bayar untuk orderan gaduh yang intinya berniat mengganggu jalan nya kabinet itu pasti bohir yang lagi sakit hati karena ngga dapat proyek ...,dasar hukum ekonomi bayar order gaduh inti niat ganggu jalan kabinet pasti bohir lagi sakit hati enggak dapat proyek,31,19,0,3,0,8,1,5,2026-06-25 17:06:34
1931240176216658137,,@prabowo Berdasarkan hak prerogatif dan penilaian Presiden ke depan apakah akan ada Reshuffle Kabinet ? Demi akselerasi mewujudkan Asta Cita dan meningkatkan signifikan Pembangunan Nasional untuk Kesejahteraan Rakyat dan kemajuan Bangsa-Negara tcinta.,dasar hak prerogatif nilai presiden depan apakah ada reshuffle kabinet demi akselerasi wujud asta cita tingkat signifikan bangun nasional sejahtera rakyat maju bangsanegara tcinta,32,24,0,1,0,6,0,7,2026-06-25 17:06:34
1931227478011564046,,Jangan biarkan Termul ini Ada kabinet Pak Prabowo.. Sudah banyak kerusakan Yg mereka lakukan Terhadap Bumi Pertiwi #2025JokowiGibranTamat #2025JokowiGibranTamat,jangan biar termul ada kabinet pak prabowo banyak rusa yang laku hadap bumi pertiwi,19,14,0,0,2,3,1,4,2026-06-25 17:06:34
1931200099738353883,,Ketua Umum DPP Partai Golkar Bahlil Lahadalia mengatakan bahwa pihaknya menyerahkan keputusan reshuffle kabinet kepada Presiden RI Prabowo Subianto. https://t.co/0QOICkoYPo,ketua umun dpp partai golkar bahlil lahadalia kata bahwa pihak serah putus reshuffle kabinet kepada presiden ri prabowo subianto,20,19,1,0,0,0,1,4,2026-06-25 17:06:35
1931187287741870087,,Amien Rais: Singkirkan Menteri Loyalis Jokowi dari Kabinet Prabowo https://t.co/wMzJsL5uxL https://t.co/LP5lV5XTOb,amin rais singkir menteri loyalis jokowi kabinet prabowo,11,8,2,0,0,1,1,1,2026-06-25 17:06:35
1931170295060312567,,@bachrum_achmadi -perusak kabinet dan istana Notes: kabinet obesitas KSP Jubir istana komisaris rangkap jabatan adalah orang2 Mulyono all. Restricted space for Prabowo ,usak kabinet istana notes kabinet obesitas ksp jubir istana komisaris rangkap jabat orang mulyono all restricted space for prabowo,22,19,0,1,0,2,0,2,2026-06-25 17:06:35
1931167069405614553,,@STresnowati1 @prabowo Hak pregoratif presiden. Namun yg terpenting jika sdah di kabinet tau mana komandan.,hak pregoratif presiden yang penting sudah kabinet daun mana komandan,15,10,0,2,0,3,3,1,2026-06-25 17:06:36
1931160077924512191,,Amien Rais: Singkirkan Menteri Loyalis Jokowi dari Kabinet Prabowo - https://t.co/IaLRuQ1xqv,amin rais singkir menteri loyalis jokowi kabinet prabowo,11,8,1,0,0,1,1,1,2026-06-25 17:06:36
1931158974382096874,,Singkirkan Menteri Loyalis Jokowi dari Kabinet Prabowo https://t.co/L66wJmkOGG,singkir menteri loyalis jokowi kabinet prabowo,8,6,1,0,0,1,0,1,2026-06-25 17:06:36
1931154832171114799,,Suara-suara yang beredar terkait reshuffle merupakan bunga-bunga demokrasi... https://t.co/2gigrjSTEq Isu perombakan atau reshuffle Kabinet Merah Putih mencuat belakangan ini. Sejumlah menteri diisukan akan diganti oleh Presiden Prabowo Subianto.,suarasuara edar kait reshuffle rupa bungabunga demokrasi isu ombak reshuffle kabinet merah putih cuat belakang jumlah menteri isu ganti presiden prabowo subianto,28,22,1,0,0,5,0,9,2026-06-25 17:06:37
1931151621980876814,,Sekretaris Kabinet Bapak Teddy turut mendampingi Presiden Republik Indonesia Prabowo Subianto dalam pelaksanaan ibadah shalat Idul Adha di Masjid Istiqlal. https://t.co/0Jnbq2mNHH,sekretaris kabinet bapak teddy turut damping presiden republik indonesia prabowo subianto laksana ibadah shalat idul adha masjid istiqlal,21,18,1,0,0,2,0,2,2026-06-25 17:06:37
1931151271920390547,,@msaid_didu Betul banget Presiden Prabowo @prabowo tidak mengajak @AliNgabalinNew membantu beliau di kabinet.,betul banget presiden prabowo tidak ajak bantu beliau kabinet,13,9,0,3,0,1,0,2,2026-06-25 17:06:37
1931149148172226810,,Amien Rais: Singkirkan Menteri Loyalis Jokowi dari Kabinet Prabowo https://t.co/0xGnCFvFkn,amin rais singkir menteri loyalis jokowi kabinet prabowo,10,8,1,0,0,1,1,1,2026-06-25 17:06:37
1931147393141227567,,Sekretaris Kabinet Teddy Indra Wijaya tampak mendampingi Presiden Prabowo Subianto saat melaksanakan Salat Idul Adha 2025 di Masjid Istiqlal https://t.co/Doy3mE4MUa,sekretaris kabinet teddy indra wijaya campak damping presiden prabowo subianto laksana salat idul adha masjid istiqlal,20,16,1,0,0,2,1,2,2026-06-25 17:06:38
1931146977909346355,,@e100ss Kenapa @prabowo masih aja pakai jasa ni orang? Apakah benar omongan @prabowo di debat capres dulu? Kabinetnya lebih tepat dinamai Kabinet Omon-Omon Doang atau lebih enak disebut Kabinet Omdo ?,kenapa masih saja pakai jasa ini orang apakah benar omong debat capres dahulu kabinet tepat nama kabinet omonomon doang enak sebut kabinet omong doang,31,23,0,3,0,4,4,4,2026-06-25 17:06:38
1931142117482766810,,@golkarpedia Saya rasa enggak ya. Saya rasa kalau di kabinet baik-baik saja. Pak Prabowo dengan Mas Wapres juga saya yakin baik-baik saja. Tidak ada sesuatu yang bisa menyebabkan kerenggangan hubungan di internal kabinet ,rasa enggak ya rasa kabinet baikbaik pak prabowo mas wapres yakin baikbaik tidak ada suatu bisa sebab renggang hubung internal kabinet,33,21,0,1,0,11,1,3,2026-06-25 17:06:38
1931137115984908466,,@AirinDatangLagi Ini kog sprt pioner di kabinet prabowo ya!!banyak kontroversi ttg sosok ini!!aura nya mistis banget buat buat amarah kita memuncak kalau liat ini org muncul di media mana pun.,kok seperti pioner kabinet prabowo yabanyak kontroversi tentang sosok iniaura mistis banget buat buat marah puncak lihat orang muncul media mana,30,21,0,1,0,8,6,1,2026-06-25 17:06:39
1931135229466718545,,@geloraco Pertama hbsn duitnya!! Sikat raja judol Budi Arie!! Hbs itu sikat relawannya di kabinet Prabowo!! Semoga negara ini segera terbebas dari gank Mulyono!!,pertama hbsn duit sikat raja judol budi arie habis sikat rawan kabinet prabowo moga negara segera bebas gank mulyono,24,19,0,1,0,4,1,4,2026-06-25 17:06:39
1931135135661076871,,@Gamal_Albinsaid @msi_sohibuliman @Muzzammil_Yusuf Insya Allah dr @Gamal_Albinsaid menjadi Menteri Kesehatan RI di kabinet merah putih Presiden @prabowo Aaamiiinn....,insya allah dari jadi menteri sehat ri kabinet merah putih presiden aaamiiinn,18,12,0,5,0,1,1,2,2026-06-25 17:06:40
1931133363873841380,,@msaid_didu Ini @AliNgabalinNew yang belom dapat posisi di kabinet presiden @prabowo ngarep banget pake jualan nama @jokowi yang udah mantan!! Laku ga' ye dagangannye??,belum dapat posisi kabinet presiden harap banget pakai jual nama sudah mantan laku enggak ye dagangannye,24,16,0,4,0,4,5,2,2026-06-25 17:06:40
1931128367497322876,,Amien Rais: Singkirkan Menteri Loyalis Jokowi dari Kabinet Prabowo https://t.co/rDEE9CISAx,amin rais singkir menteri loyalis jokowi kabinet prabowo,10,8,1,0,0,1,1,1,2026-06-25 17:06:40
1931052141852217643,,@kumparan BISA GAK SEKALI COBA KELUARIN REGULASI YANG BAGUS. BELOM AJA SETAUN REJIM INI YANG KELUAR BOBROK SEMUA. @prabowo MELEK STOP BAWA-BAWA ASING DI PIDATO. BENERIN KABINET BAPAK SENDIRI. STOP KAYA ORANG DELULU. MAU KEMANAIN NEGARA INI KALO KAYA GINI TERUS YANG KELUAR?!!!!,bisa enggak coba keluar regulasi bagus belum saja taun rezim keluar bobrok semua melek setop bawabawa asing pidato benerin kabinet bapak sendiri setop kayak orang delulu mau kemanain negara kalau kayak begini terus keluar,43,34,0,2,0,7,11,2,2026-06-25 17:06:41
1931013210108534955,,ARAH peta politik PDI Perjuangan masih akan tetap mendukung pemerintahan Presiden Prabowo Subianto di luar kabinet usai pertemuan Ketua Harian DPP Partai Gerindra Sufmi Dasco Ahmad dan Ketua Umum PDIP Megawati Soekarnoputri. https://t.co/O1M5tqdusg,arah peta politik pdi juang masih tetap dukung perintah presiden prabowo subianto luar kabinet usai temu ketua hari dpp partai gerindra sufmi dasco ahmad ketua umun pdip megawati soekarnoputri,33,29,1,0,0,3,1,5,2026-06-25 17:06:41
1931003129820270930,,Jika PDIP gabung ke kabinet @prabowo partai mana ygbpaling ga terima ya ?. https://t.co/S69Sr3nBUh,pdip gabung kabinet partai mana ygbpaling enggak terima ya,14,9,1,1,0,2,1,0,2026-06-25 17:06:41
1931002534971547649,,@bahlillahadalia copot aja ni org @bahlillahadalia dari kabinet @prabowo @gibran_tweet,copot saja ini orang kabinet,10,5,0,4,0,1,3,0,2026-06-25 17:06:41
1930982596231803208,,@Mdy_Asmara1701 Pak Prabowo Yth kami putra putri Papua meminta kepada bapak?Agar segera memecat mahluk yg bernama bahlil yg sdh merusak dan menipu kami sebagai warga Papua...segera memecat dia dari kabinet bapak kami muntah setiap melihat wajah penipu nya...wajah nya sdh mirip Jokowi,pak prabowo yth putra putri papua minta kepada bapakagar segera pecat mahluk yang nama bahlil yang sudah rusak tipu bagai warga papuasegera pecat kabinet bapak muntah tiap lihat wajah tipu nyawajah sudah mirip jokowi,42,34,0,1,0,7,5,9,2026-06-25 17:06:42
1930863712937934946,,Presiden Prabowo Subianto dan sejumlah menteri kabinet Merah Putih melaksanakan salat Idul Adha 2025 di Masjid Istiqlal Jakarta Pusat. #detikcom #KabinetMerahPutih #Istiqlal #IdulAdha https://t.co/xXXSQf4VIP,presiden prabowo subianto jumlah menteri kabinet merah putih laksana salat idul adha masjid istiqlal jakarta pusat,24,16,1,0,4,2,0,2,2026-06-25 17:06:42
1930862384081785125,,Presiden Prabowo Subianto Salat Iduladha 1446 Hijriah di Masjid Istiqlal Jakarta https://t.co/cqdACdhBD7,presiden prabowo subianto salat iduladha hijriah masjid istiqlal jakarta,12,9,1,0,0,1,0,0,2026-06-25 17:06:43
1930861818618294309,,Wakil ketua DPR RI Sufmi Dasco Ahmad sebut tak ada pembahasan PDIP masuk kabinet saat Megawati bertemu Prabowo https://t.co/WDx71bMiRT,wakil ketua dpr ri sufmi dasco ahmad sebut tak ada bahas pdip masuk kabinet megawati temu prabowo,19,17,1,0,0,1,0,2,2026-06-25 17:06:43
1930859812331639079,,Presiden Prabowo Saksikan Langsung Kemenangan Krusial Timnas Indonesia atas China di Kualifikasi Piala Dunia 2026 https://t.co/bmyomp2uVD,presiden prabowo saksi langsung menang krusial timnas indonesia atas china kualifikasi piala dunia,16,13,1,0,0,1,0,2,2026-06-25 17:06:43
1930858472998117458,,@Mdy_Asmara1701 Mentri titipan jokowi merusak rencana baik kabinet Prabowo merka benar benar akan merusak negara Indonesia ,tri titip jokowi rusak rencana baik kabinet prabowo mereka benar benar rusak negara indonesia,16,14,0,1,0,1,1,4,2026-06-25 17:06:43
1930856116638175561,,Presiden Prabowo Terima Kunjungan Wakil PM Australia Richard Marles di Kertanegara https://t.co/1S6l8cqTjS,presiden prabowo terima kunjung wakil pm australia richard marles kertanegara,12,10,1,0,0,1,0,1,2026-06-25 17:06:44
1930855812173570125,,@oh4eva @kompascom Sri Mulyani juga hampir semua ngeselin deh kabinet merah putih. Team kerja @prabowo gak ada yang qualified. Bodong semua.,sri mulyani hampir semua kesal deh kabinet merah putih team kerja enggak ada qualified bodong semua,21,16,0,3,0,2,2,1,2026-06-25 17:06:44
1930854461750272423,,@kompascom Alhamdulillah ternyata msh ada Kementrian yg Waras di Kabinet @prabowo Dengan pernyataan @kemenhut_ri (Terima Kasih) telah terjadi Pelanggaran Serius maka menandakan Kinerja Menteri/Anggota Kabinet dibawah ini BIG ZONG bin Nggak Becus Kerja! dan Ditinjau ulang Om,alhamdulillah nyata masih ada tri yang waras kabinet nyata terima kasih jadi langgar serius tanda kerja menterianggota kabinet bawah big zong bin enggak becus kerja tinjau ulang om,37,28,0,3,0,6,3,9,2026-06-25 17:06:45
1930850740559565298,,Presiden Prabowo Gelar Video Conference dengan Empat Polda: Sinergi Nasional Menuju Kedaulatan Pangan https://t.co/qZpY2Etk4B,presiden prabowo gelar video conference empat polda sinergi nasional tuju daulat pangan,14,12,1,0,0,1,0,2,2026-06-25 17:06:45
1930846414197936452,,Ketua Umum DPP Partai Golkar Bahlil Lahadalia mengatakan bahwa pihaknya menyerahkan keputusan reshuffle kabinet kepada Presiden RI Prabowo Subianto. https://t.co/ZEmZpRlgqN,ketua umun dpp partai golkar bahlil lahadalia kata bahwa pihak serah putus reshuffle kabinet kepada presiden ri prabowo subianto,20,19,1,0,0,0,1,4,2026-06-25 17:06:45
1930844533488816627,,Ketua Umum DPP Partai Golkar Bahlil Lahadalia buka suara soal isu Presiden Prabowo bakal bongkar kabinet atau reshufle. Baca Selengkapnya: https://t.co/UDwzJfifjM https://t.co/dEBEjWX8Dy,ketua umun dpp partai golkar bahlil lahadalia buka suara soal isu presiden prabowo bakal bongkar kabinet reshufle baca lengkap,22,19,2,0,0,1,1,1,2026-06-25 17:06:45
1930843190816297015,,Panen Raya Jagung Seluas 344 Ribu Hektare Presiden Prabowo Tegaskan Indonesia Siap Jadi Lumbung Pangan Dunia https://t.co/uUGtl6peI7,panen raya jagung luas ribu hektare presiden prabowo tegas indonesia siap jadi lumbung pangan dunia,17,15,1,0,0,0,0,2,2026-06-25 17:06:45
1930838998148337739,,@jhonsitorus_19 B*hlil yg B*hlul 4nj1n9nya raja j*wa yg di titipkan untuk menggerogoti kabinet pak prabowo.,bhlil yang bhlul njnnya raja jwa yang titip gerogot kabinet pak prabowo,15,12,0,1,0,2,2,2,2026-06-25 17:06:46
1930837390563885417,,Presiden Prabowo Beserta Kabinet Dan Jajaranya Sholat Iedul Adha 2025 Di Masjid Itiqlal Jakarta. # haji2025 #iduladha #info #berita https://t.co/Md8bbVAiYZ,presiden prabowo serta kabinet jajaranya sholat iedul adha masjid itiqlal jakarta haji,20,12,1,0,3,2,0,1,2026-06-25 17:06:47
1930834275202679027,,Pertemuan penting! Utusan Prabowo temui Megawati. Kabinet? Dasco: Belum ada pembahasan PDIP masuk. #KabarPolitik #IndonesiaUpdate https://t.co/hp21tcsiF9,temu penting utus prabowo temu megawati kabinet dasco belum ada bahas pdip masuk,16,13,1,0,2,0,0,4,2026-06-25 17:06:47
1930832737487016065,,@KompasTV @CNNIndonesia @Metro_TV @tvOneNews @tempodotco @VIVAcoid @TRANSTV_CORP @Indosiar @OfficialRCTI @mdtvindonesia @TVRINasional @TVRIJakarta @Official_MNCTV @SCTV Masih beruntung Prabowo punya Kabinet yg diisi oleh Orang2 Kompeten atau Profesional serta Muda.,masih untung prabowo punya kabinet yang isi orang kompeten profesional serta muda,28,12,0,14,0,2,1,2,2026-06-25 17:06:47
1930824363659645356,,@KompasTV @CNNIndonesia @Metro_TV @tvOneNews @tempodotco @VIVAcoid @TRANSTV_CORP @Indosiar @OfficialRCTI @mdtvindonesia @TVRINasional @TVRIJakarta @Official_MNCTV @SCTV Di Kabinet Prabowo yg berkinerja baik dan tidak kontroversial itu Gibran.,kabinet prabowo yang kerja baik tidak kontroversial gibran,25,8,0,14,0,3,1,1,2026-06-25 17:06:47
1930819361687900556,,@JCTS2023 @ARSIPAJA Saya tidak bisa memberikan daftar lengkap anggota tim sukses Prabowo-Gibran (timses 02) yang kini menjabat di kabinet atau BUMN karena data publik terbatas. Berdasarkan informasi yang tersedia beberapa nama yang dikonfirmasi adalah: 1. Airlangga Hartarto Ketua Komite,tidak bisa beri daftar lengkap anggota tim sukses prabowogibran timses kini jabat kabinet bumn data publik batas dasar informasi sedia beberapa nama konfirmasi airlangga hartarto ketua komite,39,27,0,2,0,8,0,6,2026-06-25 17:06:48
